episode_id,selected,current_split,already_in_current_config,known_bad_description,description_exists,description_segments,max_description_end_s,inferred_feature_trs,description_parse_error,h5_dataset_exists,h5_dataset,h5_trs,needed_end,margin,passes_desc_h5_tr,summary_ok,complete_roi_count,missing_roi_count,warning_total,failed_batches,zero_filled_segments,eligible_new_train,skip_reason,description_path
s01e01a,False,train,True,False,True,333,881.0,592,,True,ses-003_task-s01e01a,592,587,5,True,True,14,0,0,0,0,False,already_in_train,friends/description/downloaded_refine_descriptions/mv_friends_s01e01a/descriptions/refined_description.md
s01e01b,False,train,True,False,True,343,879.0,590,,True,ses-003_task-s01e01b,592,587,3,True,True,14,0,0,0,0,False,already_in_train,friends/description/downloaded_refine_descriptions/mv_friends_s01e01b/descriptions/refined_description.md
s01e02a,False,train,True,False,True,251,718.0,482,,True,ses-001_task-s01e02a,482,477,5,True,True,14,0,0,0,0,False,already_in_train,friends/description/downloaded_refine_descriptions/mv_friends_s01e02a/descriptions/refined_description.md
s01e02b,False,train,True,False,True,269,718.0,482,,True,ses-001_task-s01e02b,482,477,5,True,True,14,0,0,0,0,False,already_in_train,friends/description/downloaded_refine_descriptions/mv_friends_s01e02b/descriptions/refined_description.md
s01e03a,False,train,True,False,True,274,703.0,472,,True,ses-001_task-s01e03a,472,467,5,True,True,14,0,0,0,0,False,already_in_train,friends/description/downloaded_refine_descriptions/mv_friends_s01e03a/descriptions/refined_description.md
s01e03b,False,train,True,False,True,261,703.0,472,,True,ses-001_task-s01e03b,472,467,5,True,True,14,0,0,0,0,False,already_in_train,friends/description/downloaded_refine_descriptions/mv_friends_s01e03b/descriptions/refined_description.md
s01e04a,False,,False,False,True,259,672.0,452,,True,ses-002_task-s01e04a,503,498,-46,False,True,0,14,0,0,0,False,insufficient_description_h5_tr_coverage,friends/description/downloaded_refine_descriptions/mv_friends_s01e04a/descriptions/refined_description.md
s01e04b,False,,False,False,True,163,453.0,305,,True,ses-002_task-s01e04b,503,498,-193,False,True,0,14,0,0,0,False,insufficient_description_h5_tr_coverage,friends/description/downloaded_refine_descriptions/mv_friends_s01e04b/descriptions/refined_description.md
s01e05a,False,train,True,False,True,277,697.0,468,,True,ses-002_task-s01e05a,468,463,5,True,True,14,0,0,0,0,False,already_in_train,friends/description/downloaded_refine_descriptions/mv_friends_s01e05a/descriptions/refined_description.md
s01e05b,False,train,True,False,True,243,689.0,463,,True,ses-002_task-s01e05b,468,463,0,True,True,14,0,0,0,0,False,already_in_train,friends/description/downloaded_refine_descriptions/mv_friends_s01e05b/descriptions/refined_description.md
s01e06a,False,train,True,False,True,280,727.0,488,,True,ses-003_task-s01e06a,488,483,5,True,True,14,0,0,0,0,False,already_in_train,friends/description/downloaded_refine_descriptions/mv_friends_s01e06a/descriptions/refined_description.md
s01e06b,False,train,True,False,True,277,727.0,488,,True,ses-003_task-s01e06b,488,483,5,True,True,14,0,0,0,0,False,already_in_train,friends/description/downloaded_refine_descriptions/mv_friends_s01e06b/descriptions/refined_description.md
s01e07a,False,,False,False,True,289,734.0,493,,False,,,,,False,False,0,14,0,0,0,False,missing_h5_dataset,friends/description/downloaded_refine_descriptions/mv_friends_s01e07a/descriptions/refined_description.md
s01e07b,False,,False,False,True,275,734.0,493,,False,,,,,False,False,0,14,0,0,0,False,missing_h5_dataset,friends/description/downloaded_refine_descriptions/mv_friends_s01e07b/descriptions/refined_description.md
s01e08a,False,,False,False,True,249,708.0,476,,False,,,,,False,False,0,14,0,0,0,False,missing_h5_dataset,friends/description/downloaded_refine_descriptions/mv_friends_s01e08a/descriptions/refined_description.md
s01e08b,False,,False,False,True,294,708.0,476,,False,,,,,False,False,0,14,0,0,0,False,missing_h5_dataset,friends/description/downloaded_refine_descriptions/mv_friends_s01e08b/descriptions/refined_description.md
s01e09a,False,,False,False,True,252,696.0,468,,False,,,,,False,False,0,14,0,0,0,False,missing_h5_dataset,friends/description/downloaded_refine_descriptions/mv_friends_s01e09a/descriptions/refined_description.md
s01e09b,False,,False,False,True,264,696.0,468,,False,,,,,False,False,0,14,0,0,0,False,missing_h5_dataset,friends/description/downloaded_refine_descriptions/mv_friends_s01e09b/descriptions/refined_description.md
s01e10a,False,,False,False,True,265,738.0,496,,False,,,,,False,False,0,14,0,0,0,False,missing_h5_dataset,friends/description/downloaded_refine_descriptions/mv_friends_s01e10a/descriptions/refined_description.md
s01e10b,False,,False,False,True,134,343.0,231,,False,,,,,False,False,0,14,0,0,0,False,missing_h5_dataset,friends/description/downloaded_refine_descriptions/mv_friends_s01e10b/descriptions/refined_description.md
s01e11a,False,train,True,False,True,258,710.0,477,,True,ses-005_task-s01e11a,477,472,5,True,True,14,0,0,0,0,False,already_in_train,friends/description/downloaded_refine_descriptions/mv_friends_s01e11a/descriptions/refined_description.md
s01e11b,False,train,True,False,True,281,710.0,477,,True,ses-005_task-s01e11b,477,472,5,True,True,14,0,0,0,0,False,already_in_train,friends/description/downloaded_refine_descriptions/mv_friends_s01e11b/descriptions/refined_description.md
s01e12a,False,train,True,False,True,241,701.0,471,,True,ses-006_task-s01e12a,472,467,4,True,True,14,0,0,0,0,False,already_in_train,friends/description/downloaded_refine_descriptions/mv_friends_s01e12a/descriptions/refined_description.md
s01e12b,False,train,True,False,True,277,701.0,471,,True,ses-006_task-s01e12b,471,466,5,True,True,14,0,0,0,0,False,already_in_train,friends/description/downloaded_refine_descriptions/mv_friends_s01e12b/descriptions/refined_description.md
s01e13a,False,train,True,False,True,275,697.0,468,,True,ses-006_task-s01e13a,468,463,5,True,True,14,0,0,0,0,False,already_in_train,friends/description/downloaded_refine_descriptions/mv_friends_s01e13a/descriptions/refined_description.md
s01e13b,False,train,True,False,True,254,697.0,468,,True,ses-006_task-s01e13b,468,463,5,True,True,14,0,0,0,0,False,already_in_train,friends/description/downloaded_refine_descriptions/mv_friends_s01e13b/descriptions/refined_description.md
s01e14a,False,train,True,False,True,279,731.0,491,,True,ses-006_task-s01e14a,491,486,5,True,True,14,0,0,0,0,False,already_in_train,friends/description/downloaded_refine_descriptions/mv_friends_s01e14a/descriptions/refined_description.md
s01e14b,False,train,True,False,True,283,731.0,491,,True,ses-006_task-s01e14b,491,486,5,True,True,14,0,0,0,0,False,already_in_train,friends/description/downloaded_refine_descriptions/mv_friends_s01e14b/descriptions/refined_description.md
s01e15a,False,train,True,False,True,289,704.0,473,,True,ses-007_task-s01e15a,477,472,1,True,True,14,0,0,0,0,False,already_in_train,friends/description/downloaded_refine_descriptions/mv_friends_s01e15a/descriptions/refined_description.md
s01e15b,False,train,True,False,True,263,710.0,477,,True,ses-007_task-s01e15b,477,472,5,True,True,14,0,0,0,0,False,already_in_train,friends/description/downloaded_refine_descriptions/mv_friends_s01e15b/descriptions/refined_description.md
s01e16a,False,train,True,False,True,279,719.0,483,,True,ses-007_task-s01e16a,483,478,5,True,True,14,0,0,0,0,False,already_in_train,friends/description/downloaded_refine_descriptions/mv_friends_s01e16a/descriptions/refined_description.md
s01e16b,False,train,True,False,True,276,719.0,483,,True,ses-007_task-s01e16b,483,478,5,True,True,14,0,0,0,0,False,already_in_train,friends/description/downloaded_refine_descriptions/mv_friends_s01e16b/descriptions/refined_description.md
s01e17a,False,train,True,False,True,297,719.0,483,,True,ses-007_task-s01e17a,483,478,5,True,True,14,0,0,0,0,False,already_in_train,friends/description/downloaded_refine_descriptions/mv_friends_s01e17a/descriptions/refined_description.md
s01e17b,False,train,True,False,True,295,719.0,483,,True,ses-007_task-s01e17b,483,478,5,True,True,14,0,0,0,0,False,already_in_train,friends/description/downloaded_refine_descriptions/mv_friends_s01e17b/descriptions/refined_description.md
s01e18a,False,train,True,False,True,249,740.0,497,,True,ses-008_task-s01e18a,497,492,5,True,True,14,0,0,0,0,False,already_in_train,friends/description/downloaded_refine_descriptions/mv_friends_s01e18a/descriptions/refined_description.md
s01e18b,False,train,True,False,True,292,740.0,497,,True,ses-008_task-s01e18b,497,492,5,True,True,14,0,0,0,0,False,already_in_train,friends/description/downloaded_refine_descriptions/mv_friends_s01e18b/descriptions/refined_description.md
s01e19a,False,train,True,False,True,268,685.0,460,,True,ses-008_task-s01e19a,460,455,5,True,True,14,0,0,0,0,False,already_in_train,friends/description/downloaded_refine_descriptions/mv_friends_s01e19a/descriptions/refined_description.md
s01e19b,False,train,True,False,True,233,685.0,460,,True,ses-008_task-s01e19b,460,455,5,True,True,14,0,0,0,0,False,already_in_train,friends/description/downloaded_refine_descriptions/mv_friends_s01e19b/descriptions/refined_description.md
s01e20a,False,train,True,False,True,228,685.0,460,,True,ses-009_task-s01e20a,460,455,5,True,True,14,0,0,0,0,False,already_in_train,friends/description/downloaded_refine_descriptions/mv_friends_s01e20a/descriptions/refined_description.md
s01e20b,False,train,True,False,True,277,685.0,460,,True,ses-009_task-s01e20b,460,455,5,True,True,14,0,0,0,0,False,already_in_train,friends/description/downloaded_refine_descriptions/mv_friends_s01e20b/descriptions/refined_description.md
s01e21a,False,train,True,False,True,270,710.0,477,,True,ses-009_task-s01e21a,477,472,5,True,True,14,0,0,0,0,False,already_in_train,friends/description/downloaded_refine_descriptions/mv_friends_s01e21a/descriptions/refined_description.md
s01e21b,False,train,True,False,True,275,710.0,477,,True,ses-009_task-s01e21b,477,472,5,True,True,14,0,0,0,0,False,already_in_train,friends/description/downloaded_refine_descriptions/mv_friends_s01e21b/descriptions/refined_description.md
s01e22a,False,train,True,False,True,291,706.0,474,,True,ses-009_task-s01e22a,474,469,5,True,True,14,0,0,0,0,False,already_in_train,friends/description/downloaded_refine_descriptions/mv_friends_s01e22a/descriptions/refined_description.md
s01e22b,False,train,True,False,True,266,705.0,474,,True,ses-009_task-s01e22b,474,469,5,True,True,14,0,0,0,0,False,already_in_train,friends/description/downloaded_refine_descriptions/mv_friends_s01e22b/descriptions/refined_description.md
s01e23a,False,train,True,False,True,285,687.0,462,,True,ses-010_task-s01e23a,462,457,5,True,True,14,0,0,0,0,False,already_in_train,friends/description/downloaded_refine_descriptions/mv_friends_s01e23a/descriptions/refined_description.md
s01e23b,False,train,True,False,True,250,687.0,462,,True,ses-010_task-s01e23b,462,457,5,True,True,14,0,0,0,0,False,already_in_train,friends/description/downloaded_refine_descriptions/mv_friends_s01e23b/descriptions/refined_description.md
s01e24a,False,train,True,False,True,296,766.0,515,,True,ses-010_task-s01e24a,515,510,5,True,True,14,0,0,0,0,False,already_in_train,friends/description/downloaded_refine_descriptions/mv_friends_s01e24a/descriptions/refined_description.md
s01e24b,False,train,True,False,True,275,766.0,515,,True,ses-010_task-s01e24b,515,510,5,True,True,14,0,0,0,0,False,already_in_train,friends/description/downloaded_refine_descriptions/mv_friends_s01e24b/descriptions/refined_description.md
s02e01a,False,val,True,False,True,247,710.0,477,,True,ses-010_task-s02e01a,477,472,5,True,True,14,0,0,0,0,False,already_in_val,friends/description/downloaded_refine_descriptions/mv_friends_s02e01a/descriptions/refined_description.md
s02e01b,False,train,True,False,True,266,710.0,477,,True,ses-010_task-s02e01b,477,472,5,True,True,14,0,0,0,0,False,already_in_train,friends/description/downloaded_refine_descriptions/mv_friends_s02e01b/descriptions/refined_description.md
s02e02a,False,val,True,False,True,291,670.0,450,,True,ses-011_task-s02e02a,450,445,5,True,True,14,0,0,0,0,False,already_in_val,friends/description/downloaded_refine_descriptions/mv_friends_s02e02a/descriptions/refined_description.md
s02e02b,False,train,True,False,True,245,670.0,450,,True,ses-011_task-s02e02b,450,445,5,True,True,14,0,0,0,0,False,already_in_train,friends/description/downloaded_refine_descriptions/mv_friends_s02e02b/descriptions/refined_description.md
s02e03a,False,val,True,False,True,276,691.0,464,,True,ses-011_task-s02e03a,464,459,5,True,True,14,0,0,0,0,False,already_in_val,friends/description/downloaded_refine_descriptions/mv_friends_s02e03a/descriptions/refined_description.md
s02e03b,False,train,True,False,True,255,691.0,464,,True,ses-011_task-s02e03b,464,459,5,True,True,14,0,0,0,0,False,already_in_train,friends/description/downloaded_refine_descriptions/mv_friends_s02e03b/descriptions/refined_description.md
s02e04a,False,val,True,False,True,264,676.0,454,,True,ses-011_task-s02e04a,454,449,5,True,True,14,0,0,0,0,False,already_in_val,friends/description/downloaded_refine_descriptions/mv_friends_s02e04a/descriptions/refined_description.md
s02e04b,False,train,True,False,True,259,675.0,454,,True,ses-011_task-s02e04b,454,449,5,True,True,14,0,0,0,0,False,already_in_train,friends/description/downloaded_refine_descriptions/mv_friends_s02e04b/descriptions/refined_description.md
s02e05a,False,val,True,False,True,262,677.0,455,,True,ses-011_task-s02e05a,455,450,5,True,True,14,0,0,0,0,False,already_in_val,friends/description/downloaded_refine_descriptions/mv_friends_s02e05a/descriptions/refined_description.md
s02e05b,False,train,True,False,True,264,677.0,455,,True,ses-011_task-s02e05b,455,450,5,True,True,14,0,0,0,0,False,already_in_train,friends/description/downloaded_refine_descriptions/mv_friends_s02e05b/descriptions/refined_description.md
s02e06a,False,train,True,False,True,293,744.0,500,,True,ses-012_task-s02e06a,500,495,5,True,True,14,0,0,0,0,False,already_in_train,friends/description/downloaded_refine_descriptions/mv_friends_s02e06a/descriptions/refined_description.md
s02e06b,False,train,True,False,True,281,744.0,500,,True,ses-012_task-s02e06b,500,495,5,True,True,14,0,0,0,0,False,already_in_train,friends/description/downloaded_refine_descriptions/mv_friends_s02e06b/descriptions/refined_description.md
s02e07a,False,train,True,False,True,303,738.0,496,,True,ses-012_task-s02e07a,496,491,5,True,True,14,0,0,0,0,False,already_in_train,friends/description/downloaded_refine_descriptions/mv_friends_s02e07a/descriptions/refined_description.md
s02e07b,False,train,True,False,True,279,738.0,496,,True,ses-012_task-s02e07b,496,491,5,True,True,14,0,0,0,0,False,already_in_train,friends/description/downloaded_refine_descriptions/mv_friends_s02e07b/descriptions/refined_description.md
s02e08a,False,train,True,False,True,257,681.0,458,,True,ses-013_task-s02e08a,458,453,5,True,True,14,0,0,0,0,False,already_in_train,friends/description/downloaded_refine_descriptions/mv_friends_s02e08a/descriptions/refined_description.md
s02e08b,False,train,True,False,True,250,680.0,457,,True,ses-013_task-s02e08b,458,453,4,True,True,14,0,0,0,0,False,already_in_train,friends/description/downloaded_refine_descriptions/mv_friends_s02e08b/descriptions/refined_description.md
s02e09a,False,train,True,False,True,285,672.0,452,,True,ses-013_task-s02e09a,452,447,5,True,True,14,0,0,0,0,False,already_in_train,friends/description/downloaded_refine_descriptions/mv_friends_s02e09a/descriptions/refined_description.md
s02e09b,False,,False,False,True,89,236.0,159,,True,ses-013_task-s02e09b,452,447,-288,False,True,0,14,0,0,0,False,insufficient_description_h5_tr_coverage,friends/description/downloaded_refine_descriptions/mv_friends_s02e09b/descriptions/refined_description.md
s02e10a,False,train,True,False,True,245,713.0,479,,True,ses-013_task-s02e10a,479,474,5,True,True,14,0,0,0,0,False,already_in_train,friends/description/downloaded_refine_descriptions/mv_friends_s02e10a/descriptions/refined_description.md
s02e10b,False,train,True,False,True,276,713.0,479,,True,ses-013_task-s02e10b,479,474,5,True,True,14,0,0,0,0,False,already_in_train,friends/description/downloaded_refine_descriptions/mv_friends_s02e10b/descriptions/refined_description.md
s02e11a,False,train,True,False,True,275,726.0,488,,True,ses-014_task-s02e11a,488,483,5,True,True,14,0,0,0,0,False,already_in_train,friends/description/downloaded_refine_descriptions/mv_friends_s02e11a/descriptions/refined_description.md
s02e11b,False,,False,False,True,127,315.0,212,,True,ses-014_task-s02e11b,488,483,-271,False,True,0,14,0,0,0,False,insufficient_description_h5_tr_coverage,friends/description/downloaded_refine_descriptions/mv_friends_s02e11b/descriptions/refined_description.md
s02e12a,False,train,True,False,True,281,727.0,488,,True,ses-014_task-s02e12a,488,483,5,True,True,14,0,0,0,0,False,already_in_train,friends/description/downloaded_refine_descriptions/mv_friends_s02e12a/descriptions/refined_description.md
s02e12b,False,train,True,False,True,270,727.0,488,,True,ses-014_task-s02e12b,488,483,5,True,True,14,0,0,0,0,False,already_in_train,friends/description/downloaded_refine_descriptions/mv_friends_s02e12b/descriptions/refined_description.md
s02e13a,False,train,True,False,True,286,727.0,488,,True,ses-014_task-s02e13a,488,483,5,True,True,14,0,0,0,0,False,already_in_train,friends/description/downloaded_refine_descriptions/mv_friends_s02e13a/descriptions/refined_description.md
s02e13b,False,train,True,False,True,267,727.0,488,,True,ses-014_task-s02e13b,488,483,5,True,True,14,0,0,0,0,False,already_in_train,friends/description/downloaded_refine_descriptions/mv_friends_s02e13b/descriptions/refined_description.md
s02e14a,False,train,True,False,True,279,705.0,474,,True,ses-015_task-s02e14a,474,469,5,True,True,14,0,0,0,0,False,already_in_train,friends/description/downloaded_refine_descriptions/mv_friends_s02e14a/descriptions/refined_description.md
s02e14b,False,train,True,False,True,261,705.0,474,,True,ses-015_task-s02e14b,474,469,5,True,True,14,0,0,0,0,False,already_in_train,friends/description/downloaded_refine_descriptions/mv_friends_s02e14b/descriptions/refined_description.md
s02e15a,False,train,True,False,True,270,693.0,466,,True,ses-015_task-s02e15a,466,461,5,True,True,14,0,0,0,0,False,already_in_train,friends/description/downloaded_refine_descriptions/mv_friends_s02e15a/descriptions/refined_description.md
s02e15b,False,train,True,False,True,281,693.0,466,,True,ses-015_task-s02e15b,466,461,5,True,True,14,0,0,0,0,False,already_in_train,friends/description/downloaded_refine_descriptions/mv_friends_s02e15b/descriptions/refined_description.md
s02e16a,False,train,True,False,True,282,711.0,478,,True,ses-016_task-s02e16a,478,473,5,True,True,14,0,0,0,0,False,already_in_train,friends/description/downloaded_refine_descriptions/mv_friends_s02e16a/descriptions/refined_description.md
s02e16b,False,train,True,False,True,291,711.0,478,,True,ses-016_task-s02e16b,478,473,5,True,True,14,0,0,0,0,False,already_in_train,friends/description/downloaded_refine_descriptions/mv_friends_s02e16b/descriptions/refined_description.md
s02e17a,False,train,True,False,True,264,728.0,489,,True,ses-016_task-s02e17a,489,484,5,True,True,14,0,0,0,0,False,already_in_train,friends/description/downloaded_refine_descriptions/mv_friends_s02e17a/descriptions/refined_description.md
s02e17b,False,train,True,False,True,282,728.0,489,,True,ses-016_task-s02e17b,489,484,5,True,True,14,0,0,0,0,False,already_in_train,friends/description/downloaded_refine_descriptions/mv_friends_s02e17b/descriptions/refined_description.md
s02e18a,False,train,True,False,True,271,684.0,460,,True,ses-017_task-s02e18a,460,455,5,True,True,14,0,0,0,0,False,already_in_train,friends/description/downloaded_refine_descriptions/mv_friends_s02e18a/descriptions/refined_description.md
s02e18b,False,train,True,False,True,269,684.0,460,,True,ses-017_task-s02e18b,460,455,5,True,True,14,0,0,0,0,False,already_in_train,friends/description/downloaded_refine_descriptions/mv_friends_s02e18b/descriptions/refined_description.md
s02e19a,False,train,True,False,True,271,711.0,478,,True,ses-017_task-s02e19a,478,473,5,True,True,14,0,0,0,0,False,already_in_train,friends/description/downloaded_refine_descriptions/mv_friends_s02e19a/descriptions/refined_description.md
s02e19b,False,train,True,False,True,265,711.0,478,,True,ses-017_task-s02e19b,478,473,5,True,True,14,0,0,0,0,False,already_in_train,friends/description/downloaded_refine_descriptions/mv_friends_s02e19b/descriptions/refined_description.md
s02e20a,False,train,True,False,True,263,669.0,449,,True,ses-017_task-s02e20a,449,444,5,True,True,14,0,0,0,0,False,already_in_train,friends/description/downloaded_refine_descriptions/mv_friends_s02e20a/descriptions/refined_description.md
s02e20b,False,train,True,False,True,249,668.0,449,,True,ses-017_task-s02e20b,449,444,5,True,True,14,0,0,0,0,False,already_in_train,friends/description/downloaded_refine_descriptions/mv_friends_s02e20b/descriptions/refined_description.md
s02e21a,False,train,True,False,True,254,700.0,470,,True,ses-017_task-s02e21a,470,465,5,True,True,14,0,0,0,0,False,already_in_train,friends/description/downloaded_refine_descriptions/mv_friends_s02e21a/descriptions/refined_description.md
s02e21b,False,train,True,False,True,278,700.0,470,,True,ses-017_task-s02e21b,470,465,5,True,True,14,0,0,0,0,False,already_in_train,friends/description/downloaded_refine_descriptions/mv_friends_s02e21b/descriptions/refined_description.md
s02e22a,False,train,True,False,True,235,674.0,453,,True,ses-017_task-s02e22a,453,448,5,True,True,14,0,0,0,0,False,already_in_train,friends/description/downloaded_refine_descriptions/mv_friends_s02e22a/descriptions/refined_description.md
s02e22b,False,train,True,False,True,245,674.0,453,,True,ses-017_task-s02e22b,453,448,5,True,True,14,0,0,0,0,False,already_in_train,friends/description/downloaded_refine_descriptions/mv_friends_s02e22b/descriptions/refined_description.md
s02e23a,False,train,True,False,True,249,678.0,456,,True,ses-018_task-s02e23a,456,451,5,True,True,14,0,0,0,0,False,already_in_train,friends/description/downloaded_refine_descriptions/mv_friends_s02e23a/descriptions/refined_description.md
s02e23b,False,train,True,False,True,254,678.0,456,,True,ses-018_task-s02e23b,456,451,5,True,True,14,0,0,0,0,False,already_in_train,friends/description/downloaded_refine_descriptions/mv_friends_s02e23b/descriptions/refined_description.md
s02e24a,False,,False,False,True,253,682.0,458,,True,ses-018_task-s02e24a,469,464,-6,False,True,0,14,0,0,0,False,insufficient_description_h5_tr_coverage,friends/description/downloaded_refine_descriptions/mv_friends_s02e24a/descriptions/refined_description.md
s02e24b,False,train,True,False,True,252,697.0,468,,True,ses-018_task-s02e24b,469,464,4,True,True,14,0,0,0,0,False,already_in_train,friends/description/downloaded_refine_descriptions/mv_friends_s02e24b/descriptions/refined_description.md
s03e01a,False,train,True,False,True,269,731.0,491,,True,ses-019_task-s03e01a,491,486,5,True,True,14,0,0,0,0,False,already_in_train,friends/description/downloaded_refine_descriptions/mv_friends_s03e01a/descriptions/refined_description.md
s03e01b,False,train,True,False,True,264,731.0,491,,True,ses-019_task-s03e01b,491,486,5,True,True,14,0,0,0,0,False,already_in_train,friends/description/downloaded_refine_descriptions/mv_friends_s03e01b/descriptions/refined_description.md
s03e02a,False,train,True,False,True,272,707.0,475,,True,ses-019_task-s03e02a,475,470,5,True,True,14,0,0,0,0,False,already_in_train,friends/description/downloaded_refine_descriptions/mv_friends_s03e02a/descriptions/refined_description.md
s03e02b,False,train,True,False,True,282,707.0,475,,True,ses-019_task-s03e02b,475,470,5,True,True,14,0,0,0,0,False,already_in_train,friends/description/downloaded_refine_descriptions/mv_friends_s03e02b/descriptions/refined_description.md
s03e03a,False,train,True,False,True,253,675.0,454,,True,ses-019_task-s03e03a,454,449,5,True,True,14,0,0,0,0,False,already_in_train,friends/description/downloaded_refine_descriptions/mv_friends_s03e03a/descriptions/refined_description.md
s03e03b,False,train,True,False,True,284,675.0,454,,True,ses-019_task-s03e03b,454,449,5,True,True,14,0,0,0,0,False,already_in_train,friends/description/downloaded_refine_descriptions/mv_friends_s03e03b/descriptions/refined_description.md
s03e04a,False,train,True,False,True,268,704.0,473,,True,ses-020_task-s03e04a,473,468,5,True,True,14,0,0,0,0,False,already_in_train,friends/description/downloaded_refine_descriptions/mv_friends_s03e04a/descriptions/refined_description.md
s03e04b,False,train,True,False,True,274,704.0,473,,True,ses-020_task-s03e04b,473,468,5,True,True,14,0,0,0,0,False,already_in_train,friends/description/downloaded_refine_descriptions/mv_friends_s03e04b/descriptions/refined_description.md
s03e05a,False,train,True,False,True,286,721.0,484,,True,ses-020_task-s03e05a,484,479,5,True,True,14,0,0,0,0,False,already_in_train,friends/description/downloaded_refine_descriptions/mv_friends_s03e05a/descriptions/refined_description.md
s03e05b,False,train,True,False,True,299,721.0,484,,True,ses-020_task-s03e05b,484,479,5,True,True,14,0,0,0,0,False,already_in_train,friends/description/downloaded_refine_descriptions/mv_friends_s03e05b/descriptions/refined_description.md
s03e06a,False,,False,True,True,259,1299.0,872,,True,ses-020_task-s03e06a,470,465,407,True,False,0,14,0,0,0,False,known_bad_description,friends/description/downloaded_refine_descriptions/mv_friends_s03e06a/descriptions/refined_description.md
s03e06b,False,train,True,False,True,283,698.0,469,,True,ses-020_task-s03e06b,470,465,4,True,True,14,0,0,0,0,False,already_in_train,friends/description/downloaded_refine_descriptions/mv_friends_s03e06b/descriptions/refined_description.md
s03e07a,False,train,True,False,True,263,695.0,467,,True,ses-021_task-s03e07a,467,462,5,True,True,14,0,0,0,0,False,already_in_train,friends/description/downloaded_refine_descriptions/mv_friends_s03e07a/descriptions/refined_description.md
s03e07b,False,train,True,False,True,268,695.0,467,,True,ses-021_task-s03e07b,467,462,5,True,True,14,0,0,0,0,False,already_in_train,friends/description/downloaded_refine_descriptions/mv_friends_s03e07b/descriptions/refined_description.md
s03e08a,False,train,True,False,True,289,684.0,460,,True,ses-021_task-s03e08a,460,455,5,True,True,14,0,0,0,0,False,already_in_train,friends/description/downloaded_refine_descriptions/mv_friends_s03e08a/descriptions/refined_description.md
s03e08b,False,,False,False,True,211,551.0,370,,True,ses-021_task-s03e08b,460,455,-85,False,False,0,14,0,0,0,False,insufficient_description_h5_tr_coverage,friends/description/downloaded_refine_descriptions/mv_friends_s03e08b/descriptions/refined_description.md
s03e09a,False,train,True,False,True,284,734.0,493,,True,ses-021_task-s03e09a,493,488,5,True,True,14,0,0,0,0,False,already_in_train,friends/description/downloaded_refine_descriptions/mv_friends_s03e09a/descriptions/refined_description.md
s03e09b,False,train,True,False,True,248,734.0,493,,True,ses-021_task-s03e09b,493,488,5,True,True,14,0,0,0,0,False,already_in_train,friends/description/downloaded_refine_descriptions/mv_friends_s03e09b/descriptions/refined_description.md
s03e10a,False,train,True,False,True,234,671.0,451,,True,ses-022_task-s03e10a,451,446,5,True,True,14,0,0,0,0,False,already_in_train,friends/description/downloaded_refine_descriptions/mv_friends_s03e10a/descriptions/refined_description.md
s03e10b,False,train,True,False,True,177,671.0,451,,True,ses-022_task-s03e10b,451,446,5,True,True,14,0,0,0,0,False,already_in_train,friends/description/downloaded_refine_descriptions/mv_friends_s03e10b/descriptions/refined_description.md
s03e11a,False,train,True,False,True,253,680.0,457,,True,ses-022_task-s03e11a,457,452,5,True,True,14,0,0,0,0,False,already_in_train,friends/description/downloaded_refine_descriptions/mv_friends_s03e11a/descriptions/refined_description.md
s03e11b,False,train,True,False,True,263,679.0,456,,True,ses-022_task-s03e11b,456,451,5,True,True,14,0,0,0,0,False,already_in_train,friends/description/downloaded_refine_descriptions/mv_friends_s03e11b/descriptions/refined_description.md
s03e12a,False,train,True,False,True,277,691.0,464,,True,ses-022_task-s03e12a,464,459,5,True,True,14,0,0,0,0,False,already_in_train,friends/description/downloaded_refine_descriptions/mv_friends_s03e12a/descriptions/refined_description.md
s03e12b,False,train,True,False,True,237,690.0,464,,True,ses-022_task-s03e12b,464,459,5,True,True,14,0,0,0,0,False,already_in_train,friends/description/downloaded_refine_descriptions/mv_friends_s03e12b/descriptions/refined_description.md
s03e13a,False,,False,False,True,1,0.0,0,,True,ses-023_task-s03e13a,474,469,-469,False,False,0,14,0,0,0,False,insufficient_description_h5_tr_coverage,friends/description/downloaded_refine_descriptions/mv_friends_s03e13a/descriptions/refined_description.md
s03e13b,False,train,True,False,True,252,704.0,473,,True,ses-023_task-s03e13b,473,468,5,True,True,14,0,0,0,0,False,already_in_train,friends/description/downloaded_refine_descriptions/mv_friends_s03e13b/descriptions/refined_description.md
s03e14a,False,train,True,False,True,266,682.0,458,,True,ses-023_task-s03e14a,458,453,5,True,True,14,0,0,0,0,False,already_in_train,friends/description/downloaded_refine_descriptions/mv_friends_s03e14a/descriptions/refined_description.md
s03e14b,False,train,True,False,True,249,682.0,458,,True,ses-023_task-s03e14b,458,453,5,True,True,14,0,0,0,0,False,already_in_train,friends/description/downloaded_refine_descriptions/mv_friends_s03e14b/descriptions/refined_description.md
s03e15a,False,train,True,False,True,280,682.0,458,,True,ses-024_task-s03e15a,458,453,5,True,True,14,0,0,0,0,False,already_in_train,friends/description/downloaded_refine_descriptions/mv_friends_s03e15a/descriptions/refined_description.md
s03e15b,False,train,True,False,True,247,681.0,458,,True,ses-024_task-s03e15b,458,453,5,True,True,14,0,0,0,0,False,already_in_train,friends/description/downloaded_refine_descriptions/mv_friends_s03e15b/descriptions/refined_description.md
s03e16a,False,train,True,False,True,258,697.0,468,,True,ses-024_task-s03e16a,468,463,5,True,True,14,0,0,0,0,False,already_in_train,friends/description/downloaded_refine_descriptions/mv_friends_s03e16a/descriptions/refined_description.md
s03e16b,False,train,True,False,True,251,697.0,468,,True,ses-024_task-s03e16b,468,463,5,True,True,14,0,0,0,0,False,already_in_train,friends/description/downloaded_refine_descriptions/mv_friends_s03e16b/descriptions/refined_description.md
s03e17a,False,train,True,False,True,255,675.0,454,,True,ses-024_task-s03e17a,454,449,5,True,True,14,0,0,0,0,False,already_in_train,friends/description/downloaded_refine_descriptions/mv_friends_s03e17a/descriptions/refined_description.md
s03e17b,False,train,True,False,True,264,674.0,453,,True,ses-024_task-s03e17b,453,448,5,True,True,14,0,0,0,0,False,already_in_train,friends/description/downloaded_refine_descriptions/mv_friends_s03e17b/descriptions/refined_description.md
s03e18a,False,train,True,False,True,261,698.0,469,,True,ses-025_task-s03e18a,469,464,5,True,True,14,0,0,0,0,False,already_in_train,friends/description/downloaded_refine_descriptions/mv_friends_s03e18a/descriptions/refined_description.md
s03e18b,False,train,True,False,True,277,698.0,469,,True,ses-025_task-s03e18b,469,464,5,True,True,14,0,0,0,0,False,already_in_train,friends/description/downloaded_refine_descriptions/mv_friends_s03e18b/descriptions/refined_description.md
s03e19a,False,train,True,False,True,278,697.0,468,,True,ses-025_task-s03e19a,468,463,5,True,True,14,0,0,0,0,False,already_in_train,friends/description/downloaded_refine_descriptions/mv_friends_s03e19a/descriptions/refined_description.md
s03e19b,False,train,True,False,True,278,697.0,468,,True,ses-025_task-s03e19b,468,463,5,True,True,14,0,0,0,0,False,already_in_train,friends/description/downloaded_refine_descriptions/mv_friends_s03e19b/descriptions/refined_description.md
s03e20a,False,train,True,False,True,273,690.0,464,,True,ses-025_task-s03e20a,464,459,5,True,True,14,0,0,0,0,False,already_in_train,friends/description/downloaded_refine_descriptions/mv_friends_s03e20a/descriptions/refined_description.md
s03e20b,False,train,True,False,True,257,690.0,464,,True,ses-025_task-s03e20b,464,459,5,True,True,14,0,0,0,0,False,already_in_train,friends/description/downloaded_refine_descriptions/mv_friends_s03e20b/descriptions/refined_description.md
s03e21a,False,train,True,False,True,255,685.0,460,,True,ses-026_task-s03e21a,460,455,5,True,True,14,0,0,0,0,False,already_in_train,friends/description/downloaded_refine_descriptions/mv_friends_s03e21a/descriptions/refined_description.md
s03e21b,False,train,True,False,True,279,685.0,460,,True,ses-026_task-s03e21b,460,455,5,True,True,14,0,0,0,0,False,already_in_train,friends/description/downloaded_refine_descriptions/mv_friends_s03e21b/descriptions/refined_description.md
s03e22a,False,train,True,False,True,269,689.0,463,,True,ses-026_task-s03e22a,463,458,5,True,True,14,0,0,0,0,False,already_in_train,friends/description/downloaded_refine_descriptions/mv_friends_s03e22a/descriptions/refined_description.md
s03e22b,False,train,True,False,True,252,689.0,463,,True,ses-026_task-s03e22b,463,458,5,True,True,14,0,0,0,0,False,already_in_train,friends/description/downloaded_refine_descriptions/mv_friends_s03e22b/descriptions/refined_description.md
s03e23a,False,train,True,False,True,273,699.0,470,,True,ses-027_task-s03e23a,470,465,5,True,True,14,0,0,0,0,False,already_in_train,friends/description/downloaded_refine_descriptions/mv_friends_s03e23a/descriptions/refined_description.md
s03e23b,False,train,True,False,True,272,699.0,470,,True,ses-027_task-s03e23b,470,465,5,True,True,14,0,0,0,0,False,already_in_train,friends/description/downloaded_refine_descriptions/mv_friends_s03e23b/descriptions/refined_description.md
s03e24a,False,train,True,False,True,227,676.0,454,,True,ses-027_task-s03e24a,454,449,5,True,True,14,0,0,0,0,False,already_in_train,friends/description/downloaded_refine_descriptions/mv_friends_s03e24a/descriptions/refined_description.md
s03e24b,False,train,True,False,True,250,676.0,454,,True,ses-027_task-s03e24b,454,449,5,True,True,14,0,0,0,0,False,already_in_train,friends/description/downloaded_refine_descriptions/mv_friends_s03e24b/descriptions/refined_description.md
s03e25a,False,train,True,False,True,213,713.0,479,,True,ses-027_task-s03e25a,479,474,5,True,True,14,0,0,0,0,False,already_in_train,friends/description/downloaded_refine_descriptions/mv_friends_s03e25a/descriptions/refined_description.md
s03e25b,False,train,True,False,True,257,713.0,479,,True,ses-027_task-s03e25b,479,474,5,True,True,14,0,0,0,0,False,already_in_train,friends/description/downloaded_refine_descriptions/mv_friends_s03e25b/descriptions/refined_description.md
s04e01a,False,train,True,False,True,265,696.0,468,,True,ses-027_task-s04e01a,468,463,5,True,True,14,0,0,0,0,False,already_in_train,friends/description/downloaded_refine_descriptions/mv_friends_s04e01a/descriptions/refined_description.md
s04e01b,False,train,True,False,True,285,696.0,468,,True,ses-027_task-s04e01b,468,463,5,True,True,14,0,0,0,0,False,already_in_train,friends/description/downloaded_refine_descriptions/mv_friends_s04e01b/descriptions/refined_description.md
s04e02a,False,train,True,False,True,282,712.0,478,,True,ses-027_task-s04e02a,478,473,5,True,True,14,0,0,0,0,False,already_in_train,friends/description/downloaded_refine_descriptions/mv_friends_s04e02a/descriptions/refined_description.md
s04e02b,False,train,True,False,True,271,712.0,478,,True,ses-027_task-s04e02b,478,473,5,True,True,14,0,0,0,0,False,already_in_train,friends/description/downloaded_refine_descriptions/mv_friends_s04e02b/descriptions/refined_description.md
s04e03a,False,train,True,False,True,236,662.0,445,,True,ses-028_task-s04e03a,445,440,5,True,True,14,0,0,0,0,False,already_in_train,friends/description/downloaded_refine_descriptions/mv_friends_s04e03a/descriptions/refined_description.md
s04e03b,False,train,True,False,True,262,662.0,445,,True,ses-028_task-s04e03b,445,440,5,True,True,14,0,0,0,0,False,already_in_train,friends/description/downloaded_refine_descriptions/mv_friends_s04e03b/descriptions/refined_description.md
s04e04a,False,train,True,False,True,270,674.0,453,,True,ses-028_task-s04e04a,453,448,5,True,True,14,0,0,0,0,False,already_in_train,friends/description/downloaded_refine_descriptions/mv_friends_s04e04a/descriptions/refined_description.md
s04e04b,False,train,True,False,True,263,674.0,453,,True,ses-028_task-s04e04b,453,448,5,True,True,14,0,0,0,0,False,already_in_train,friends/description/downloaded_refine_descriptions/mv_friends_s04e04b/descriptions/refined_description.md
s04e05a,False,train,True,False,True,247,701.0,471,,True,ses-028_task-s04e05a,471,466,5,True,True,14,0,0,0,0,False,already_in_train,friends/description/downloaded_refine_descriptions/mv_friends_s04e05a/descriptions/refined_description.md
s04e05b,False,train,True,False,True,263,701.0,471,,True,ses-028_task-s04e05b,471,466,5,True,True,14,0,0,0,0,False,already_in_train,friends/description/downloaded_refine_descriptions/mv_friends_s04e05b/descriptions/refined_description.md
s04e06a,False,train,True,False,True,253,692.0,465,,True,ses-028_task-s04e06a,465,460,5,True,True,14,0,0,0,0,False,already_in_train,friends/description/downloaded_refine_descriptions/mv_friends_s04e06a/descriptions/refined_description.md
s04e06b,False,train,True,False,True,247,692.0,465,,True,ses-028_task-s04e06b,465,460,5,True,True,14,0,0,0,0,False,already_in_train,friends/description/downloaded_refine_descriptions/mv_friends_s04e06b/descriptions/refined_description.md
s04e07a,False,train,True,False,True,277,740.0,497,,True,ses-028_task-s04e07a,497,492,5,True,True,14,0,0,0,0,False,already_in_train,friends/description/downloaded_refine_descriptions/mv_friends_s04e07a/descriptions/refined_description.md
s04e07b,False,train,True,False,True,300,740.0,497,,True,ses-028_task-s04e07b,497,492,5,True,True,14,0,0,0,0,False,already_in_train,friends/description/downloaded_refine_descriptions/mv_friends_s04e07b/descriptions/refined_description.md
s04e08a,False,train,True,False,True,302,748.0,503,,True,ses-029_task-s04e08a,503,498,5,True,True,14,0,0,0,0,False,already_in_train,friends/description/downloaded_refine_descriptions/mv_friends_s04e08a/descriptions/refined_description.md
s04e08b,False,train,True,False,True,299,748.0,503,,True,ses-029_task-s04e08b,503,498,5,True,True,14,0,0,0,0,False,already_in_train,friends/description/downloaded_refine_descriptions/mv_friends_s04e08b/descriptions/refined_description.md
s04e09a,False,train,True,False,True,267,656.0,441,,True,ses-029_task-s04e09a,441,436,5,True,True,14,0,0,0,0,False,already_in_train,friends/description/downloaded_refine_descriptions/mv_friends_s04e09a/descriptions/refined_description.md
s04e09b,False,train,True,False,True,259,656.0,441,,True,ses-029_task-s04e09b,441,436,5,True,True,14,0,0,0,0,False,already_in_train,friends/description/downloaded_refine_descriptions/mv_friends_s04e09b/descriptions/refined_description.md
s04e10a,False,train,True,False,True,244,668.0,449,,True,ses-029_task-s04e10a,449,444,5,True,True,14,0,0,0,0,False,already_in_train,friends/description/downloaded_refine_descriptions/mv_friends_s04e10a/descriptions/refined_description.md
s04e10b,False,train,True,False,True,259,668.0,449,,True,ses-029_task-s04e10b,449,444,5,True,True,14,0,0,0,0,False,already_in_train,friends/description/downloaded_refine_descriptions/mv_friends_s04e10b/descriptions/refined_description.md
s04e11a,True,,False,False,True,275,719.0,483,,True,ses-029_task-s04e11a,483,478,5,True,False,0,14,0,0,0,True,,friends/description/downloaded_refine_descriptions/mv_friends_s04e11a/descriptions/refined_description.md
s04e11b,True,,False,False,True,288,719.0,483,,True,ses-029_task-s04e11b,483,478,5,True,False,0,14,0,0,0,True,,friends/description/downloaded_refine_descriptions/mv_friends_s04e11b/descriptions/refined_description.md
s04e12a,True,,False,False,True,267,693.0,466,,True,ses-030_task-s04e12a,466,461,5,True,False,0,14,0,0,0,True,,friends/description/downloaded_refine_descriptions/mv_friends_s04e12a/descriptions/refined_description.md
s04e12b,True,,False,False,True,252,693.0,466,,True,ses-030_task-s04e12b,466,461,5,True,False,0,14,0,0,0,True,,friends/description/downloaded_refine_descriptions/mv_friends_s04e12b/descriptions/refined_description.md
s04e13a,True,,False,False,True,255,667.0,448,,True,ses-030_task-s04e13a,448,443,5,True,False,0,14,0,0,0,True,,friends/description/downloaded_refine_descriptions/mv_friends_s04e13a/descriptions/refined_description.md
s04e13b,True,,False,False,True,267,667.0,448,,True,ses-030_task-s04e13b,448,443,5,True,False,0,14,0,0,0,True,,friends/description/downloaded_refine_descriptions/mv_friends_s04e13b/descriptions/refined_description.md
s04e14a,True,,False,False,True,254,665.0,447,,True,ses-030_task-s04e14a,447,442,5,True,False,0,14,0,0,0,True,,friends/description/downloaded_refine_descriptions/mv_friends_s04e14a/descriptions/refined_description.md
s04e14b,True,,False,False,True,257,664.0,446,,True,ses-030_task-s04e14b,447,442,4,True,False,0,14,0,0,0,True,,friends/description/downloaded_refine_descriptions/mv_friends_s04e14b/descriptions/refined_description.md
s04e15a,True,,False,False,True,240,661.0,444,,True,ses-031_task-s04e15a,444,439,5,True,False,0,14,0,0,0,True,,friends/description/downloaded_refine_descriptions/mv_friends_s04e15a/descriptions/refined_description.md
s04e15b,True,,False,False,True,261,661.0,444,,True,ses-031_task-s04e15b,444,439,5,True,False,0,14,0,0,0,True,,friends/description/downloaded_refine_descriptions/mv_friends_s04e15b/descriptions/refined_description.md
s04e16a,False,,False,False,True,241,637.0,428,,True,ses-031_task-s04e16a,487,482,-54,False,False,0,14,0,0,0,False,insufficient_description_h5_tr_coverage,friends/description/downloaded_refine_descriptions/mv_friends_s04e16a/descriptions/refined_description.md
s04e16b,False,,False,False,True,248,725.0,487,,True,ses-031_task-s04e16b,487,482,5,True,False,0,14,0,0,0,True,,friends/description/downloaded_refine_descriptions/mv_friends_s04e16b/descriptions/refined_description.md
s04e17a,False,,False,False,True,285,712.0,478,,True,ses-031_task-s04e17a,478,473,5,True,False,0,14,0,0,0,True,,friends/description/downloaded_refine_descriptions/mv_friends_s04e17a/descriptions/refined_description.md
s04e17b,False,,False,False,True,275,711.0,478,,True,ses-031_task-s04e17b,478,473,5,True,False,0,14,0,0,0,True,,friends/description/downloaded_refine_descriptions/mv_friends_s04e17b/descriptions/refined_description.md
s04e18a,False,,False,False,True,235,670.0,450,,True,ses-032_task-s04e18a,450,445,5,True,False,0,14,0,0,0,True,,friends/description/downloaded_refine_descriptions/mv_friends_s04e18a/descriptions/refined_description.md
s04e18b,False,,False,False,True,263,670.0,450,,True,ses-032_task-s04e18b,450,445,5,True,False,0,14,0,0,0,True,,friends/description/downloaded_refine_descriptions/mv_friends_s04e18b/descriptions/refined_description.md
s04e19a,False,,False,False,True,250,651.0,437,,True,ses-032_task-s04e19a,437,432,5,True,False,0,14,0,0,0,True,,friends/description/downloaded_refine_descriptions/mv_friends_s04e19a/descriptions/refined_description.md
s04e19b,False,,False,False,True,261,651.0,437,,True,ses-032_task-s04e19b,437,432,5,True,False,0,14,0,0,0,True,,friends/description/downloaded_refine_descriptions/mv_friends_s04e19b/descriptions/refined_description.md
s04e20a,False,,False,False,True,254,666.0,447,,True,ses-033_task-s04e20a,447,442,5,True,False,0,14,0,0,0,True,,friends/description/downloaded_refine_descriptions/mv_friends_s04e20a/descriptions/refined_description.md
s04e20b,False,,False,False,True,284,666.0,447,,True,ses-033_task-s04e20b,447,442,5,True,False,0,14,0,0,0,True,,friends/description/downloaded_refine_descriptions/mv_friends_s04e20b/descriptions/refined_description.md
s04e21a,False,,False,False,True,237,667.0,448,,True,ses-034_task-s04e21a,448,443,5,True,False,0,14,0,0,0,True,,friends/description/downloaded_refine_descriptions/mv_friends_s04e21a/descriptions/refined_description.md
s04e21b,False,,False,False,True,254,666.0,447,,True,ses-034_task-s04e21b,448,443,4,True,False,0,14,0,0,0,True,,friends/description/downloaded_refine_descriptions/mv_friends_s04e21b/descriptions/refined_description.md
s04e22a,False,,False,False,True,266,683.0,459,,True,ses-034_task-s04e22a,459,454,5,True,False,0,14,0,0,0,True,,friends/description/downloaded_refine_descriptions/mv_friends_s04e22a/descriptions/refined_description.md
s04e22b,False,,False,False,True,263,683.0,459,,True,ses-034_task-s04e22b,459,454,5,True,False,0,14,0,0,0,True,,friends/description/downloaded_refine_descriptions/mv_friends_s04e22b/descriptions/refined_description.md
s04e23a,False,,False,False,True,277,750.0,504,,True,ses-035_task-s04e23a,505,500,4,True,False,0,14,0,0,0,True,,friends/description/downloaded_refine_descriptions/mv_friends_s04e23a/descriptions/refined_description.md
s04e23b,False,,False,False,True,243,750.0,504,,True,ses-035_task-s04e23b,504,499,5,True,False,0,14,0,0,0,True,,friends/description/downloaded_refine_descriptions/mv_friends_s04e23b/descriptions/refined_description.md
s04e23c,False,,False,False,True,273,750.0,504,,True,ses-035_task-s04e23c,504,499,5,True,False,0,14,0,0,0,True,,friends/description/downloaded_refine_descriptions/mv_friends_s04e23c/descriptions/refined_description.md
s04e23d,False,,False,False,True,274,750.0,504,,True,ses-035_task-s04e23d,504,499,5,True,False,0,14,0,0,0,True,,friends/description/downloaded_refine_descriptions/mv_friends_s04e23d/descriptions/refined_description.md
s05e01a,False,,False,False,True,242,653.0,439,,True,ses-036_task-s05e01a,439,434,5,True,False,0,14,0,0,0,True,,friends/description/downloaded_refine_descriptions/mv_friends_s05e01a/descriptions/refined_description.md
s05e01b,False,,False,False,True,275,706.0,474,,True,ses-036_task-s05e01b,474,469,5,True,False,0,14,0,0,0,True,,friends/description/downloaded_refine_descriptions/mv_friends_s05e01b/descriptions/refined_description.md
s05e02a,False,,False,False,True,288,737.0,495,,True,ses-036_task-s05e02a,495,490,5,True,False,0,14,0,0,0,True,,friends/description/downloaded_refine_descriptions/mv_friends_s05e02a/descriptions/refined_description.md
s05e02b,False,,False,False,True,315,790.0,531,,True,ses-036_task-s05e02b,531,526,5,True,False,0,14,0,0,0,True,,friends/description/downloaded_refine_descriptions/mv_friends_s05e02b/descriptions/refined_description.md
s05e03a,False,,False,False,True,265,661.0,444,,True,ses-037_task-s05e03a,444,439,5,True,False,0,14,0,0,0,True,,friends/description/downloaded_refine_descriptions/mv_friends_s05e03a/descriptions/refined_description.md
s05e03b,False,,False,False,True,273,705.0,474,,True,ses-037_task-s05e03b,474,469,5,True,False,0,14,0,0,0,True,,friends/description/downloaded_refine_descriptions/mv_friends_s05e03b/descriptions/refined_description.md
s05e04a,False,,False,False,True,256,727.0,488,,True,ses-037_task-s05e04a,488,483,5,True,False,0,14,0,0,0,True,,friends/description/downloaded_refine_descriptions/mv_friends_s05e04a/descriptions/refined_description.md
s05e04b,False,,False,False,True,279,780.0,524,,True,ses-037_task-s05e04b,524,519,5,True,False,0,14,0,0,0,True,,friends/description/downloaded_refine_descriptions/mv_friends_s05e04b/descriptions/refined_description.md
s05e05a,False,,False,False,True,282,724.0,486,,True,ses-041_task-s05e05a,486,481,5,True,False,0,14,0,0,0,True,,friends/description/downloaded_refine_descriptions/mv_friends_s05e05a/descriptions/refined_description.md
s05e05b,False,,False,False,True,305,775.0,521,,True,ses-041_task-s05e05b,521,516,5,True,False,0,14,0,0,0,True,,friends/description/downloaded_refine_descriptions/mv_friends_s05e05b/descriptions/refined_description.md
s05e06a,False,,False,False,True,244,683.0,459,,True,ses-041_task-s05e06a,459,454,5,True,False,0,14,0,0,0,True,,friends/description/downloaded_refine_descriptions/mv_friends_s05e06a/descriptions/refined_description.md
s05e06b,False,,False,False,True,298,734.0,493,,True,ses-041_task-s05e06b,493,488,5,True,False,0,14,0,0,0,True,,friends/description/downloaded_refine_descriptions/mv_friends_s05e06b/descriptions/refined_description.md
s05e07a,False,,False,False,True,265,683.0,459,,True,ses-042_task-s05e07a,459,454,5,True,False,0,14,0,0,0,True,,friends/description/downloaded_refine_descriptions/mv_friends_s05e07a/descriptions/refined_description.md
s05e07b,False,,False,False,True,277,734.0,493,,True,ses-042_task-s05e07b,493,488,5,True,False,0,14,0,0,0,True,,friends/description/downloaded_refine_descriptions/mv_friends_s05e07b/descriptions/refined_description.md
s05e08a,False,,False,False,True,257,664.0,446,,True,ses-043_task-s05e08a,446,441,5,True,False,0,14,0,0,0,True,,friends/description/downloaded_refine_descriptions/mv_friends_s05e08a/descriptions/refined_description.md
s05e08b,False,,False,False,True,283,715.0,480,,True,ses-043_task-s05e08b,480,475,5,True,False,0,14,0,0,0,True,,friends/description/downloaded_refine_descriptions/mv_friends_s05e08b/descriptions/refined_description.md
s05e09a,False,,False,False,True,240,678.0,456,,True,ses-044_task-s05e09a,456,451,5,True,False,0,14,0,0,0,True,,friends/description/downloaded_refine_descriptions/mv_friends_s05e09a/descriptions/refined_description.md
s05e09b,False,,False,False,True,285,729.0,490,,True,ses-044_task-s05e09b,490,485,5,True,False,0,14,0,0,0,True,,friends/description/downloaded_refine_descriptions/mv_friends_s05e09b/descriptions/refined_description.md
s05e10a,False,,False,False,True,277,670.0,450,,True,ses-044_task-s05e10a,450,445,5,True,False,0,14,0,0,0,True,,friends/description/downloaded_refine_descriptions/mv_friends_s05e10a/descriptions/refined_description.md
s05e10b,False,,False,False,True,258,721.0,484,,True,ses-044_task-s05e10b,484,479,5,True,False,0,14,0,0,0,True,,friends/description/downloaded_refine_descriptions/mv_friends_s05e10b/descriptions/refined_description.md
s05e11a,False,,False,False,True,275,709.0,476,,True,ses-045_task-s05e11a,476,471,5,True,False,0,14,0,0,0,True,,friends/description/downloaded_refine_descriptions/mv_friends_s05e11a/descriptions/refined_description.md
s05e11b,False,,False,False,True,269,760.0,511,,True,ses-045_task-s05e11b,511,506,5,True,False,0,14,0,0,0,True,,friends/description/downloaded_refine_descriptions/mv_friends_s05e11b/descriptions/refined_description.md
s05e12a,False,,False,False,True,260,663.0,445,,True,ses-045_task-s05e12a,445,440,5,True,False,0,14,0,0,0,True,,friends/description/downloaded_refine_descriptions/mv_friends_s05e12a/descriptions/refined_description.md
s05e12b,False,,False,False,True,278,714.0,480,,True,ses-045_task-s05e12b,480,475,5,True,False,0,14,0,0,0,True,,friends/description/downloaded_refine_descriptions/mv_friends_s05e12b/descriptions/refined_description.md
s05e13a,False,,False,False,True,262,684.0,460,,True,ses-046_task-s05e13a,460,455,5,True,False,0,14,0,0,0,True,,friends/description/downloaded_refine_descriptions/mv_friends_s05e13a/descriptions/refined_description.md
s05e13b,False,,False,False,True,301,735.0,494,,True,ses-046_task-s05e13b,494,489,5,True,False,0,14,0,0,0,True,,friends/description/downloaded_refine_descriptions/mv_friends_s05e13b/descriptions/refined_description.md
s05e14a,False,,False,False,True,263,723.0,486,,True,ses-046_task-s05e14a,486,481,5,True,False,0,14,0,0,0,True,,friends/description/downloaded_refine_descriptions/mv_friends_s05e14a/descriptions/refined_description.md
s05e14b,False,,False,False,True,292,774.0,520,,True,ses-046_task-s05e14b,520,515,5,True,False,0,14,0,0,0,True,,friends/description/downloaded_refine_descriptions/mv_friends_s05e14b/descriptions/refined_description.md
s05e15a,False,,False,False,True,228,659.0,443,,True,ses-047_task-s05e15a,443,438,5,True,False,0,14,0,0,0,True,,friends/description/downloaded_refine_descriptions/mv_friends_s05e15a/descriptions/refined_description.md
s05e15b,False,,False,False,True,255,710.0,477,,True,ses-047_task-s05e15b,477,472,5,True,False,0,14,0,0,0,True,,friends/description/downloaded_refine_descriptions/mv_friends_s05e15b/descriptions/refined_description.md
s05e16a,False,,False,False,True,269,722.0,485,,True,ses-047_task-s05e16a,485,480,5,True,False,0,14,0,0,0,True,,friends/description/downloaded_refine_descriptions/mv_friends_s05e16a/descriptions/refined_description.md
s05e16b,False,,False,False,True,282,773.0,519,,True,ses-047_task-s05e16b,519,514,5,True,False,0,14,0,0,0,True,,friends/description/downloaded_refine_descriptions/mv_friends_s05e16b/descriptions/refined_description.md
s05e17a,False,,False,False,True,227,601.0,404,,True,ses-048_task-s05e17a,452,447,-43,False,False,0,14,0,0,0,False,insufficient_description_h5_tr_coverage,friends/description/downloaded_refine_descriptions/mv_friends_s05e17a/descriptions/refined_description.md
s05e17b,False,,False,False,True,262,724.0,486,,True,ses-048_task-s05e17b,486,481,5,True,False,0,14,0,0,0,True,,friends/description/downloaded_refine_descriptions/mv_friends_s05e17b/descriptions/refined_description.md
s05e18a,False,,False,False,True,104,278.0,187,,True,ses-048_task-s05e18a,501,496,-309,False,False,0,14,0,0,0,False,insufficient_description_h5_tr_coverage,friends/description/downloaded_refine_descriptions/mv_friends_s05e18a/descriptions/refined_description.md
s05e18b,False,,False,False,True,312,797.0,535,,True,ses-048_task-s05e18b,535,530,5,True,False,0,14,0,0,0,True,,friends/description/downloaded_refine_descriptions/mv_friends_s05e18b/descriptions/refined_description.md
s05e19a,False,,False,False,True,266,664.0,446,,True,ses-049_task-s05e19a,446,441,5,True,False,0,14,0,0,0,True,,friends/description/downloaded_refine_descriptions/mv_friends_s05e19a/descriptions/refined_description.md
s05e19b,False,,False,False,True,271,715.0,480,,True,ses-049_task-s05e19b,480,475,5,True,False,0,14,0,0,0,True,,friends/description/downloaded_refine_descriptions/mv_friends_s05e19b/descriptions/refined_description.md
s05e20a,False,,False,False,True,193,523.0,352,,True,ses-049_task-s05e20a,456,451,-99,False,False,0,14,0,0,0,False,insufficient_description_h5_tr_coverage,friends/description/downloaded_refine_descriptions/mv_friends_s05e20a/descriptions/refined_description.md
s05e20b,False,,False,False,True,294,729.0,490,,True,ses-049_task-s05e20b,490,485,5,True,False,0,14,0,0,0,True,,friends/description/downloaded_refine_descriptions/mv_friends_s05e20b/descriptions/refined_description.md
s05e21a,False,,False,False,True,239,661.0,444,,True,ses-050_task-s05e21a,444,439,5,True,False,0,14,0,0,0,True,,friends/description/downloaded_refine_descriptions/mv_friends_s05e21a/descriptions/refined_description.md
s05e21b,False,,False,False,True,266,712.0,478,,True,ses-050_task-s05e21b,478,473,5,True,False,0,14,0,0,0,True,,friends/description/downloaded_refine_descriptions/mv_friends_s05e21b/descriptions/refined_description.md
s05e22a,False,,False,False,True,248,670.0,450,,True,ses-050_task-s05e22a,450,445,5,True,False,0,14,0,0,0,True,,friends/description/downloaded_refine_descriptions/mv_friends_s05e22a/descriptions/refined_description.md
s05e22b,False,,False,False,True,260,721.0,484,,True,ses-050_task-s05e22b,484,479,5,True,False,0,14,0,0,0,True,,friends/description/downloaded_refine_descriptions/mv_friends_s05e22b/descriptions/refined_description.md
s05e23a,False,,False,False,True,246,676.0,454,,True,ses-051_task-s05e23a,454,449,5,True,False,0,14,0,0,0,True,,friends/description/downloaded_refine_descriptions/mv_friends_s05e23a/descriptions/refined_description.md
s05e23b,False,,False,False,True,248,682.0,458,,True,ses-051_task-s05e23b,458,453,5,True,False,0,14,0,0,0,True,,friends/description/downloaded_refine_descriptions/mv_friends_s05e23b/descriptions/refined_description.md
s05e23c,False,,False,False,True,245,682.0,458,,True,ses-052_task-s05e23c,458,453,5,True,False,0,14,0,0,0,True,,friends/description/downloaded_refine_descriptions/mv_friends_s05e23c/descriptions/refined_description.md
s05e23d,False,,False,False,True,274,727.0,488,,True,ses-052_task-s05e23d,488,483,5,True,False,0,14,0,0,0,True,,friends/description/downloaded_refine_descriptions/mv_friends_s05e23d/descriptions/refined_description.md
s06e01a,False,test,True,False,True,273,692.0,465,,True,ses-052_task-s06e01a,465,460,5,True,True,14,0,0,0,0,False,already_in_test,friends/description/downloaded_refine_descriptions/mv_friends_s06e01a/descriptions/refined_description.md
s06e01b,False,test,True,False,True,269,743.0,499,,True,ses-052_task-s06e01b,499,494,5,True,True,14,0,0,0,0,False,already_in_test,friends/description/downloaded_refine_descriptions/mv_friends_s06e01b/descriptions/refined_description.md
s06e02a,False,test,True,False,True,248,674.0,453,,True,ses-053_task-s06e02a,453,448,5,True,True,14,0,0,0,0,False,already_in_test,friends/description/downloaded_refine_descriptions/mv_friends_s06e02a/descriptions/refined_description.md
s06e02b,False,,False,False,True,257,658.0,442,,True,ses-053_task-s06e02b,487,482,-40,False,False,0,14,0,0,0,False,insufficient_description_h5_tr_coverage,friends/description/downloaded_refine_descriptions/mv_friends_s06e02b/descriptions/refined_description.md
s06e03a,False,test,True,False,True,235,653.0,439,,True,ses-053_task-s06e03a,439,434,5,True,True,14,0,0,0,0,False,already_in_test,friends/description/downloaded_refine_descriptions/mv_friends_s06e03a/descriptions/refined_description.md
s06e03b,False,test,True,False,True,265,704.0,473,,True,ses-053_task-s06e03b,473,468,5,True,True,14,0,0,0,0,False,already_in_test,friends/description/downloaded_refine_descriptions/mv_friends_s06e03b/descriptions/refined_description.md
s06e04a,False,test,True,False,True,239,654.0,439,,True,ses-053_task-s06e04a,439,434,5,True,True,14,0,0,0,0,False,already_in_test,friends/description/downloaded_refine_descriptions/mv_friends_s06e04a/descriptions/refined_description.md
s06e04b,False,,False,False,True,116,305.0,205,,True,ses-054_task-s06e04b,474,469,-264,False,False,0,14,0,0,0,False,insufficient_description_h5_tr_coverage,friends/description/downloaded_refine_descriptions/mv_friends_s06e04b/descriptions/refined_description.md
s06e05a,False,test,True,False,True,236,672.0,452,,True,ses-054_task-s06e05a,452,447,5,True,True,14,0,0,0,0,False,already_in_test,friends/description/downloaded_refine_descriptions/mv_friends_s06e05a/descriptions/refined_description.md
s06e05b,False,test,True,False,True,250,723.0,486,,True,ses-054_task-s06e05b,486,481,5,True,True,14,0,0,0,0,False,already_in_test,friends/description/downloaded_refine_descriptions/mv_friends_s06e05b/descriptions/refined_description.md
s06e06a,False,test,True,False,True,247,660.0,443,,True,ses-055_task-s06e06a,443,438,5,True,True,14,0,0,0,0,False,already_in_test,friends/description/downloaded_refine_descriptions/mv_friends_s06e06a/descriptions/refined_description.md
s06e06b,False,test,True,False,True,273,711.0,478,,True,ses-055_task-s06e06b,478,473,5,True,True,14,0,0,0,0,False,already_in_test,friends/description/downloaded_refine_descriptions/mv_friends_s06e06b/descriptions/refined_description.md
s06e07a,False,,False,False,True,251,662.0,445,,True,ses-055_task-s06e07a,445,440,5,True,False,0,14,0,0,0,True,,friends/description/downloaded_refine_descriptions/mv_friends_s06e07a/descriptions/refined_description.md
s06e07b,False,,False,False,True,261,707.0,475,,False,,,,,False,False,0,14,0,0,0,False,missing_h5_dataset,friends/description/downloaded_refine_descriptions/mv_friends_s06e07b/descriptions/refined_description.md
s06e08a,False,,False,False,True,236,652.0,438,,True,ses-056_task-s06e08a,438,433,5,True,False,0,14,0,0,0,True,,friends/description/downloaded_refine_descriptions/mv_friends_s06e08a/descriptions/refined_description.md
s06e08b,False,,False,False,True,258,703.0,472,,True,ses-056_task-s06e08b,472,467,5,True,False,0,14,0,0,0,True,,friends/description/downloaded_refine_descriptions/mv_friends_s06e08b/descriptions/refined_description.md
s06e09a,False,,False,False,True,253,750.0,504,,True,ses-056_task-s06e09a,504,499,5,True,False,0,14,0,0,0,True,,friends/description/downloaded_refine_descriptions/mv_friends_s06e09a/descriptions/refined_description.md
s06e09b,False,,False,False,True,296,800.0,537,,True,ses-056_task-s06e09b,537,532,5,True,False,0,14,0,0,0,True,,friends/description/downloaded_refine_descriptions/mv_friends_s06e09b/descriptions/refined_description.md
s06e10a,False,,False,False,True,249,693.0,466,,True,ses-056_task-s06e10a,466,461,5,True,False,0,14,0,0,0,True,,friends/description/downloaded_refine_descriptions/mv_friends_s06e10a/descriptions/refined_description.md
s06e10b,False,,False,False,True,283,744.0,500,,True,ses-057_task-s06e10b,500,495,5,True,False,0,14,0,0,0,True,,friends/description/downloaded_refine_descriptions/mv_friends_s06e10b/descriptions/refined_description.md
s06e11a,False,,False,False,True,240,670.0,450,,True,ses-057_task-s06e11a,450,445,5,True,False,0,14,0,0,0,True,,friends/description/downloaded_refine_descriptions/mv_friends_s06e11a/descriptions/refined_description.md
s06e11b,False,,False,False,True,246,680.0,457,,True,ses-057_task-s06e11b,484,479,-22,False,False,0,14,0,0,0,False,insufficient_description_h5_tr_coverage,friends/description/downloaded_refine_descriptions/mv_friends_s06e11b/descriptions/refined_description.md
s06e12a,False,,False,False,True,237,648.0,435,,True,ses-057_task-s06e12a,435,430,5,True,False,0,14,0,0,0,True,,friends/description/downloaded_refine_descriptions/mv_friends_s06e12a/descriptions/refined_description.md
s06e12b,False,,False,False,True,247,699.0,470,,True,ses-057_task-s06e12b,470,465,5,True,False,0,14,0,0,0,True,,friends/description/downloaded_refine_descriptions/mv_friends_s06e12b/descriptions/refined_description.md
s06e13a,False,,False,False,True,267,699.0,470,,True,ses-058_task-s06e13a,470,465,5,True,False,0,14,0,0,0,True,,friends/description/downloaded_refine_descriptions/mv_friends_s06e13a/descriptions/refined_description.md
s06e13b,False,,False,False,True,302,750.0,504,,True,ses-058_task-s06e13b,504,499,5,True,False,0,14,0,0,0,True,,friends/description/downloaded_refine_descriptions/mv_friends_s06e13b/descriptions/refined_description.md
s06e14a,False,,False,False,True,257,686.0,461,,True,ses-058_task-s06e14a,461,456,5,True,False,0,14,0,0,0,True,,friends/description/downloaded_refine_descriptions/mv_friends_s06e14a/descriptions/refined_description.md
s06e14b,False,,False,False,True,283,737.0,495,,True,ses-058_task-s06e14b,495,490,5,True,False,0,14,0,0,0,True,,friends/description/downloaded_refine_descriptions/mv_friends_s06e14b/descriptions/refined_description.md
s06e15a,False,,False,False,True,247,679.0,456,,True,ses-059_task-s06e15a,456,451,5,True,False,0,14,0,0,0,True,,friends/description/downloaded_refine_descriptions/mv_friends_s06e15a/descriptions/refined_description.md
s06e15b,False,,False,False,True,250,685.0,460,,True,ses-060_task-s06e15b,460,455,5,True,False,0,14,0,0,0,True,,friends/description/downloaded_refine_descriptions/mv_friends_s06e15b/descriptions/refined_description.md
s06e15c,False,,False,False,True,277,685.0,460,,True,ses-060_task-s06e15c,460,455,5,True,False,0,14,0,0,0,True,,friends/description/downloaded_refine_descriptions/mv_friends_s06e15c/descriptions/refined_description.md
s06e15d,False,,False,False,True,279,729.0,490,,True,ses-061_task-s06e15d,490,485,5,True,False,0,14,0,0,0,True,,friends/description/downloaded_refine_descriptions/mv_friends_s06e15d/descriptions/refined_description.md
s06e17a,False,,False,False,True,226,637.0,428,,True,ses-061_task-s06e17a,428,423,5,True,False,0,14,0,0,0,True,,friends/description/downloaded_refine_descriptions/mv_friends_s06e17a/descriptions/refined_description.md
s06e17b,False,,False,False,True,238,688.0,462,,True,ses-061_task-s06e17b,462,457,5,True,False,0,14,0,0,0,True,,friends/description/downloaded_refine_descriptions/mv_friends_s06e17b/descriptions/refined_description.md
s06e18a,False,,False,False,True,218,569.0,382,,True,ses-062_task-s06e18a,435,430,-48,False,False,0,14,0,0,0,False,insufficient_description_h5_tr_coverage,friends/description/downloaded_refine_descriptions/mv_friends_s06e18a/descriptions/refined_description.md
s06e18b,False,,False,False,True,261,699.0,470,,True,ses-062_task-s06e18b,470,465,5,True,False,0,14,0,0,0,True,,friends/description/downloaded_refine_descriptions/mv_friends_s06e18b/descriptions/refined_description.md
s06e19a,False,,False,False,True,246,646.0,434,,True,ses-062_task-s06e19a,434,429,5,True,False,0,14,0,0,0,True,,friends/description/downloaded_refine_descriptions/mv_friends_s06e19a/descriptions/refined_description.md
s06e19b,False,,False,False,True,254,697.0,468,,True,ses-062_task-s06e19b,468,463,5,True,False,0,14,0,0,0,True,,friends/description/downloaded_refine_descriptions/mv_friends_s06e19b/descriptions/refined_description.md
s06e20a,False,,False,False,True,208,551.0,370,,True,ses-063_task-s06e20a,431,426,-56,False,False,0,14,0,0,0,False,insufficient_description_h5_tr_coverage,friends/description/downloaded_refine_descriptions/mv_friends_s06e20a/descriptions/refined_description.md
s06e20b,False,,False,False,True,248,692.0,465,,True,ses-063_task-s06e20b,465,460,5,True,False,0,14,0,0,0,True,,friends/description/downloaded_refine_descriptions/mv_friends_s06e20b/descriptions/refined_description.md
s06e21a,False,,False,False,True,261,685.0,460,,True,ses-063_task-s06e21a,460,455,5,True,False,0,14,0,0,0,True,,friends/description/downloaded_refine_descriptions/mv_friends_s06e21a/descriptions/refined_description.md
s06e21b,False,,False,False,True,208,582.0,391,,True,ses-064_task-s06e21b,494,489,-98,False,False,0,14,0,0,0,False,insufficient_description_h5_tr_coverage,friends/description/downloaded_refine_descriptions/mv_friends_s06e21b/descriptions/refined_description.md
s06e22a,False,,False,False,True,231,672.0,452,,True,ses-064_task-s06e22a,452,447,5,True,False,0,14,0,0,0,True,,friends/description/downloaded_refine_descriptions/mv_friends_s06e22a/descriptions/refined_description.md
s06e22b,False,,False,False,True,261,723.0,486,,True,ses-064_task-s06e22b,486,481,5,True,False,0,14,0,0,0,True,,friends/description/downloaded_refine_descriptions/mv_friends_s06e22b/descriptions/refined_description.md
s06e23a,False,,False,False,True,285,724.0,486,,True,ses-065_task-s06e23a,486,481,5,True,False,0,14,0,0,0,True,,friends/description/downloaded_refine_descriptions/mv_friends_s06e23a/descriptions/refined_description.md
s06e23b,False,,False,False,True,310,774.0,520,,True,ses-065_task-s06e23b,520,515,5,True,False,0,14,0,0,0,True,,friends/description/downloaded_refine_descriptions/mv_friends_s06e23b/descriptions/refined_description.md
s06e24a,False,,False,False,True,242,680.0,457,,True,ses-065_task-s06e24a,457,452,5,True,False,0,14,0,0,0,True,,friends/description/downloaded_refine_descriptions/mv_friends_s06e24a/descriptions/refined_description.md
s06e24b,False,,False,False,True,240,686.0,461,,True,ses-066_task-s06e24b,461,456,5,True,False,0,14,0,0,0,True,,friends/description/downloaded_refine_descriptions/mv_friends_s06e24b/descriptions/refined_description.md
s06e24c,False,,False,False,True,260,686.0,461,,True,ses-066_task-s06e24c,461,456,5,True,False,0,14,0,0,0,True,,friends/description/downloaded_refine_descriptions/mv_friends_s06e24c/descriptions/refined_description.md
s06e24d,False,,False,False,True,270,730.0,490,,True,ses-066_task-s06e24d,490,485,5,True,False,0,14,0,0,0,True,,friends/description/downloaded_refine_descriptions/mv_friends_s06e24d/descriptions/refined_description.md
s07e01a,False,,False,False,True,285,684.0,460,,False,,,,,False,False,0,14,0,0,0,False,missing_h5_dataset,friends/description/downloaded_refine_descriptions/mv_friends_s07e01a/descriptions/refined_description.md
s07e01b,False,,False,False,True,276,735.0,494,,False,,,,,False,False,0,14,0,0,0,False,missing_h5_dataset,friends/description/downloaded_refine_descriptions/mv_friends_s07e01b/descriptions/refined_description.md
s07e02a,False,,False,False,True,264,732.0,492,,False,,,,,False,False,0,14,0,0,0,False,missing_h5_dataset,friends/description/downloaded_refine_descriptions/mv_friends_s07e02a/descriptions/refined_description.md
s07e02b,False,,False,False,True,289,783.0,526,,False,,,,,False,False,0,14,0,0,0,False,missing_h5_dataset,friends/description/downloaded_refine_descriptions/mv_friends_s07e02b/descriptions/refined_description.md
s07e03a,False,,False,False,True,185,470.0,316,,False,,,,,False,False,0,14,0,0,0,False,missing_h5_dataset,friends/description/downloaded_refine_descriptions/mv_friends_s07e03a/descriptions/refined_description.md
s07e03b,False,,False,False,True,219,672.0,452,,False,,,,,False,False,0,14,0,0,0,False,missing_h5_dataset,friends/description/downloaded_refine_descriptions/mv_friends_s07e03b/descriptions/refined_description.md
s07e04a,False,,False,False,True,237,666.0,447,,False,,,,,False,False,0,14,0,0,0,False,missing_h5_dataset,friends/description/downloaded_refine_descriptions/mv_friends_s07e04a/descriptions/refined_description.md
s07e04b,False,,False,False,True,288,717.0,482,,False,,,,,False,False,0,14,0,0,0,False,missing_h5_dataset,friends/description/downloaded_refine_descriptions/mv_friends_s07e04b/descriptions/refined_description.md
s07e05a,False,,False,False,True,246,675.0,454,,False,,,,,False,False,0,14,0,0,0,False,missing_h5_dataset,friends/description/downloaded_refine_descriptions/mv_friends_s07e05a/descriptions/refined_description.md
s07e05b,False,,False,False,True,276,726.0,488,,False,,,,,False,False,0,14,0,0,0,False,missing_h5_dataset,friends/description/downloaded_refine_descriptions/mv_friends_s07e05b/descriptions/refined_description.md
s07e06a,False,,False,False,True,266,712.0,478,,False,,,,,False,False,0,14,0,0,0,False,missing_h5_dataset,friends/description/downloaded_refine_descriptions/mv_friends_s07e06a/descriptions/refined_description.md
s07e06b,False,,False,False,True,294,763.0,513,,False,,,,,False,False,0,14,0,0,0,False,missing_h5_dataset,friends/description/downloaded_refine_descriptions/mv_friends_s07e06b/descriptions/refined_description.md
s07e07a,False,,False,False,True,249,704.0,473,,False,,,,,False,False,0,14,0,0,0,False,missing_h5_dataset,friends/description/downloaded_refine_descriptions/mv_friends_s07e07a/descriptions/refined_description.md
s07e07b,False,,False,False,True,272,754.0,507,,False,,,,,False,False,0,14,0,0,0,False,missing_h5_dataset,friends/description/downloaded_refine_descriptions/mv_friends_s07e07b/descriptions/refined_description.md
s07e08a,False,,False,False,True,232,706.0,474,,False,,,,,False,False,0,14,0,0,0,False,missing_h5_dataset,friends/description/downloaded_refine_descriptions/mv_friends_s07e08a/descriptions/refined_description.md
s07e08b,False,,False,False,True,288,757.0,509,,False,,,,,False,False,0,14,0,0,0,False,missing_h5_dataset,friends/description/downloaded_refine_descriptions/mv_friends_s07e08b/descriptions/refined_description.md
s07e09a,False,,False,False,True,262,670.0,450,,False,,,,,False,False,0,14,0,0,0,False,missing_h5_dataset,friends/description/downloaded_refine_descriptions/mv_friends_s07e09a/descriptions/refined_description.md
s07e09b,False,,False,False,True,241,619.0,416,,False,,,,,False,False,0,14,0,0,0,False,missing_h5_dataset,friends/description/downloaded_refine_descriptions/mv_friends_s07e09b/descriptions/refined_description.md
s07e10a,False,,False,False,True,267,683.0,459,,False,,,,,False,False,0,14,0,0,0,False,missing_h5_dataset,friends/description/downloaded_refine_descriptions/mv_friends_s07e10a/descriptions/refined_description.md
s07e10b,False,,False,False,True,255,734.0,493,,False,,,,,False,False,0,14,0,0,0,False,missing_h5_dataset,friends/description/downloaded_refine_descriptions/mv_friends_s07e10b/descriptions/refined_description.md
s07e11a,False,,False,False,True,250,691.0,464,,False,,,,,False,False,0,14,0,0,0,False,missing_h5_dataset,friends/description/downloaded_refine_descriptions/mv_friends_s07e11a/descriptions/refined_description.md
s07e11b,False,,False,False,True,253,742.0,498,,False,,,,,False,False,0,14,0,0,0,False,missing_h5_dataset,friends/description/downloaded_refine_descriptions/mv_friends_s07e11b/descriptions/refined_description.md
s07e12a,False,,False,False,True,237,673.0,452,,False,,,,,False,False,0,14,0,0,0,False,missing_h5_dataset,friends/description/downloaded_refine_descriptions/mv_friends_s07e12a/descriptions/refined_description.md
s07e12b,False,,False,False,True,268,724.0,486,,False,,,,,False,False,0,14,0,0,0,False,missing_h5_dataset,friends/description/downloaded_refine_descriptions/mv_friends_s07e12b/descriptions/refined_description.md
s07e13a,False,,False,False,True,319,803.0,539,,False,,,,,False,False,0,14,0,0,0,False,missing_h5_dataset,friends/description/downloaded_refine_descriptions/mv_friends_s07e13a/descriptions/refined_description.md
s07e13b,False,,False,False,True,312,854.0,574,,False,,,,,False,False,0,14,0,0,0,False,missing_h5_dataset,friends/description/downloaded_refine_descriptions/mv_friends_s07e13b/descriptions/refined_description.md
s07e14a,False,,False,False,True,180,485.0,326,,False,,,,,False,False,0,14,0,0,0,False,missing_h5_dataset,friends/description/downloaded_refine_descriptions/mv_friends_s07e14a/descriptions/refined_description.md
s07e14b,False,,False,False,True,275,745.0,500,,False,,,,,False,False,0,14,0,0,0,False,missing_h5_dataset,friends/description/downloaded_refine_descriptions/mv_friends_s07e14b/descriptions/refined_description.md
s07e15a,False,,False,False,True,309,843.0,566,,False,,,,,False,False,0,14,0,0,0,False,missing_h5_dataset,friends/description/downloaded_refine_descriptions/mv_friends_s07e15a/descriptions/refined_description.md
s07e15b,False,,False,False,True,328,894.0,600,,False,,,,,False,False,0,14,0,0,0,False,missing_h5_dataset,friends/description/downloaded_refine_descriptions/mv_friends_s07e15b/descriptions/refined_description.md
s07e16a,False,,False,False,True,205,592.0,398,,False,,,,,False,False,0,14,0,0,0,False,missing_h5_dataset,friends/description/downloaded_refine_descriptions/mv_friends_s07e16a/descriptions/refined_description.md
s07e16b,False,,False,False,True,229,598.0,402,,False,,,,,False,False,0,14,0,0,0,False,missing_h5_dataset,friends/description/downloaded_refine_descriptions/mv_friends_s07e16b/descriptions/refined_description.md
s07e16c,False,,False,False,True,226,643.0,432,,False,,,,,False,False,0,14,0,0,0,False,missing_h5_dataset,friends/description/downloaded_refine_descriptions/mv_friends_s07e16c/descriptions/refined_description.md
s07e17a,False,,False,False,True,227,645.0,433,,False,,,,,False,False,0,14,0,0,0,False,missing_h5_dataset,friends/description/downloaded_refine_descriptions/mv_friends_s07e17a/descriptions/refined_description.md
s07e17b,False,,False,False,True,262,695.0,467,,False,,,,,False,False,0,14,0,0,0,False,missing_h5_dataset,friends/description/downloaded_refine_descriptions/mv_friends_s07e17b/descriptions/refined_description.md
s07e18a,False,,False,False,True,250,710.0,477,,False,,,,,False,False,0,14,0,0,0,False,missing_h5_dataset,friends/description/downloaded_refine_descriptions/mv_friends_s07e18a/descriptions/refined_description.md
s07e18b,False,,False,False,True,257,761.0,511,,False,,,,,False,False,0,14,0,0,0,False,missing_h5_dataset,friends/description/downloaded_refine_descriptions/mv_friends_s07e18b/descriptions/refined_description.md
s07e19a,False,,False,False,True,236,650.0,437,,False,,,,,False,False,0,14,0,0,0,False,missing_h5_dataset,friends/description/downloaded_refine_descriptions/mv_friends_s07e19a/descriptions/refined_description.md
s07e19b,False,,False,False,True,257,701.0,471,,False,,,,,False,False,0,14,0,0,0,False,missing_h5_dataset,friends/description/downloaded_refine_descriptions/mv_friends_s07e19b/descriptions/refined_description.md
s07e20a,False,,False,False,True,188,500.0,336,,False,,,,,False,False,0,14,0,0,0,False,missing_h5_dataset,friends/description/downloaded_refine_descriptions/mv_friends_s07e20a/descriptions/refined_description.md
s07e20b,False,,False,False,True,272,727.0,488,,False,,,,,False,False,0,14,0,0,0,False,missing_h5_dataset,friends/description/downloaded_refine_descriptions/mv_friends_s07e20b/descriptions/refined_description.md
s07e21a,False,,False,False,True,236,639.0,429,,False,,,,,False,False,0,14,0,0,0,False,missing_h5_dataset,friends/description/downloaded_refine_descriptions/mv_friends_s07e21a/descriptions/refined_description.md
s07e21b,False,,False,False,True,262,690.0,464,,False,,,,,False,False,0,14,0,0,0,False,missing_h5_dataset,friends/description/downloaded_refine_descriptions/mv_friends_s07e21b/descriptions/refined_description.md
s07e22a,False,,False,False,True,255,701.0,471,,False,,,,,False,False,0,14,0,0,0,False,missing_h5_dataset,friends/description/downloaded_refine_descriptions/mv_friends_s07e22a/descriptions/refined_description.md
s07e22b,False,,False,False,True,276,752.0,505,,False,,,,,False,False,0,14,0,0,0,False,missing_h5_dataset,friends/description/downloaded_refine_descriptions/mv_friends_s07e22b/descriptions/refined_description.md
s07e23a,False,,False,False,True,274,715.0,480,,False,,,,,False,False,0,14,0,0,0,False,missing_h5_dataset,friends/description/downloaded_refine_descriptions/mv_friends_s07e23a/descriptions/refined_description.md
s07e23b,False,,False,False,True,282,721.0,484,,False,,,,,False,False,0,14,0,0,0,False,missing_h5_dataset,friends/description/downloaded_refine_descriptions/mv_friends_s07e23b/descriptions/refined_description.md
s07e23c,False,,False,False,True,285,721.0,484,,False,,,,,False,False,0,14,0,0,0,False,missing_h5_dataset,friends/description/downloaded_refine_descriptions/mv_friends_s07e23c/descriptions/refined_description.md
s07e23d,False,,False,False,True,279,766.0,515,,False,,,,,False,False,0,14,0,0,0,False,missing_h5_dataset,friends/description/downloaded_refine_descriptions/mv_friends_s07e23d/descriptions/refined_description.md
