episode_id,selected,skip_reason,already_used_round4,already_used_round5,description_path,description_exists,summary_path,summary_exists,summary_metadata_exists,h5_dataset,h5_dataset_exists,h5_trs,description_segments,max_description_end_s,inferred_feature_trs,needed_end,margin,passes_desc_h5_tr
s01e01a,False,,True,True,friends/description/downloaded_refine_descriptions/mv_friends_s01e01a/descriptions/refined_description.md,True,friends/full_runs/friends_full_scoring_start_14roi_gemini35_20260612/summaries/s01e01a/summary.json,True,True,ses-003_task-s01e01a,True,592,333,881.0,592,587,5,True
s01e01b,False,,True,True,friends/description/downloaded_refine_descriptions/mv_friends_s01e01b/descriptions/refined_description.md,True,friends/full_runs/friends_full_scoring_start_14roi_gemini35_20260612/summaries/s01e01b/summary.json,True,True,ses-003_task-s01e01b,True,592,343,879.0,590,587,3,True
s01e02a,False,,True,True,friends/description/downloaded_refine_descriptions/mv_friends_s01e02a/descriptions/refined_description.md,True,friends/full_runs/friends_full_scoring_start_14roi_gemini35_20260612/summaries/s01e02a/summary.json,True,True,ses-001_task-s01e02a,True,482,251,718.0,482,477,5,True
s01e02b,False,,True,True,friends/description/downloaded_refine_descriptions/mv_friends_s01e02b/descriptions/refined_description.md,True,friends/full_runs/friends_full_scoring_start_14roi_gemini35_20260612/summaries/s01e02b/summary.json,True,True,ses-001_task-s01e02b,True,482,269,718.0,482,477,5,True
s01e03a,False,,True,True,friends/description/downloaded_refine_descriptions/mv_friends_s01e03a/descriptions/refined_description.md,True,friends/full_runs/friends_full_scoring_start_14roi_gemini35_20260612/summaries/s01e03a/summary.json,True,True,ses-001_task-s01e03a,True,472,274,703.0,472,467,5,True
s01e03b,False,,True,True,friends/description/downloaded_refine_descriptions/mv_friends_s01e03b/descriptions/refined_description.md,True,friends/full_runs/friends_full_scoring_start_14roi_gemini35_20260612/summaries/s01e03b/summary.json,True,True,ses-001_task-s01e03b,True,472,261,703.0,472,467,5,True
s01e04a,False,,False,False,friends/description/downloaded_refine_descriptions/mv_friends_s01e04a/descriptions/refined_description.md,True,friends/full_runs/friends_full_scoring_start_14roi_gemini35_20260612/summaries/s01e04a/summary.json,True,True,ses-002_task-s01e04a,True,503,259,672.0,452,498,-46,False
s01e04b,False,,False,False,friends/description/downloaded_refine_descriptions/mv_friends_s01e04b/descriptions/refined_description.md,True,friends/full_runs/friends_full_scoring_start_14roi_gemini35_20260612/summaries/s01e04b/summary.json,True,True,ses-002_task-s01e04b,True,503,163,453.0,305,498,-193,False
s01e05a,False,,True,True,friends/description/downloaded_refine_descriptions/mv_friends_s01e05a/descriptions/refined_description.md,True,friends/full_runs/friends_full_scoring_start_14roi_gemini35_20260612/summaries/s01e05a/summary.json,True,True,ses-002_task-s01e05a,True,468,277,697.0,468,463,5,True
s01e05b,False,,True,True,friends/description/downloaded_refine_descriptions/mv_friends_s01e05b/descriptions/refined_description.md,True,friends/full_runs/friends_full_scoring_start_14roi_gemini35_20260612/summaries/s01e05b/summary.json,True,True,ses-002_task-s01e05b,True,468,243,689.0,463,463,0,True
s01e06a,False,,True,True,friends/description/downloaded_refine_descriptions/mv_friends_s01e06a/descriptions/refined_description.md,True,friends/full_runs/friends_full_scoring_start_14roi_gemini35_20260612/summaries/s01e06a/summary.json,True,True,ses-003_task-s01e06a,True,488,280,727.0,488,483,5,True
s01e06b,False,,True,True,friends/description/downloaded_refine_descriptions/mv_friends_s01e06b/descriptions/refined_description.md,True,friends/full_runs/friends_full_scoring_start_14roi_gemini35_20260612/summaries/s01e06b/summary.json,True,True,ses-003_task-s01e06b,True,488,277,727.0,488,483,5,True
s01e07a,False,,False,False,friends/description/downloaded_refine_descriptions/mv_friends_s01e07a/descriptions/refined_description.md,True,friends/full_runs/friends_full_scoring_start_14roi_gemini35_20260612/summaries/s01e07a/summary.json,False,False,,False,,289,734.0,493,,,False
s01e07b,False,,False,False,friends/description/downloaded_refine_descriptions/mv_friends_s01e07b/descriptions/refined_description.md,True,friends/full_runs/friends_full_scoring_start_14roi_gemini35_20260612/summaries/s01e07b/summary.json,False,False,,False,,275,734.0,493,,,False
s01e08a,False,,False,False,friends/description/downloaded_refine_descriptions/mv_friends_s01e08a/descriptions/refined_description.md,True,friends/full_runs/friends_full_scoring_start_14roi_gemini35_20260612/summaries/s01e08a/summary.json,False,False,,False,,249,708.0,476,,,False
s01e08b,False,,False,False,friends/description/downloaded_refine_descriptions/mv_friends_s01e08b/descriptions/refined_description.md,True,friends/full_runs/friends_full_scoring_start_14roi_gemini35_20260612/summaries/s01e08b/summary.json,False,False,,False,,294,708.0,476,,,False
s01e09a,False,,False,False,friends/description/downloaded_refine_descriptions/mv_friends_s01e09a/descriptions/refined_description.md,True,friends/full_runs/friends_full_scoring_start_14roi_gemini35_20260612/summaries/s01e09a/summary.json,False,False,,False,,252,696.0,468,,,False
s01e09b,False,,False,False,friends/description/downloaded_refine_descriptions/mv_friends_s01e09b/descriptions/refined_description.md,True,friends/full_runs/friends_full_scoring_start_14roi_gemini35_20260612/summaries/s01e09b/summary.json,False,False,,False,,264,696.0,468,,,False
s01e10a,False,,False,False,friends/description/downloaded_refine_descriptions/mv_friends_s01e10a/descriptions/refined_description.md,True,friends/full_runs/friends_full_scoring_start_14roi_gemini35_20260612/summaries/s01e10a/summary.json,False,False,,False,,265,738.0,496,,,False
s01e10b,False,,False,False,friends/description/downloaded_refine_descriptions/mv_friends_s01e10b/descriptions/refined_description.md,True,friends/full_runs/friends_full_scoring_start_14roi_gemini35_20260612/summaries/s01e10b/summary.json,False,False,,False,,134,343.0,231,,,False
s01e11a,False,,True,True,friends/description/downloaded_refine_descriptions/mv_friends_s01e11a/descriptions/refined_description.md,True,friends/full_runs/friends_full_scoring_start_14roi_gemini35_20260612/summaries/s01e11a/summary.json,True,True,ses-005_task-s01e11a,True,477,258,710.0,477,472,5,True
s01e11b,False,,True,True,friends/description/downloaded_refine_descriptions/mv_friends_s01e11b/descriptions/refined_description.md,True,friends/full_runs/friends_full_scoring_start_14roi_gemini35_20260612/summaries/s01e11b/summary.json,True,True,ses-005_task-s01e11b,True,477,281,710.0,477,472,5,True
s01e12a,False,,True,True,friends/description/downloaded_refine_descriptions/mv_friends_s01e12a/descriptions/refined_description.md,True,friends/full_runs/friends_full_scoring_start_14roi_gemini35_20260612/summaries/s01e12a/summary.json,True,True,ses-006_task-s01e12a,True,472,241,701.0,471,467,4,True
s01e12b,False,,True,True,friends/description/downloaded_refine_descriptions/mv_friends_s01e12b/descriptions/refined_description.md,True,friends/full_runs/friends_full_scoring_start_14roi_gemini35_20260612/summaries/s01e12b/summary.json,True,True,ses-006_task-s01e12b,True,471,277,701.0,471,466,5,True
s01e13a,False,,True,True,friends/description/downloaded_refine_descriptions/mv_friends_s01e13a/descriptions/refined_description.md,True,friends/full_runs/friends_full_scoring_start_14roi_gemini35_20260612/summaries/s01e13a/summary.json,True,True,ses-006_task-s01e13a,True,468,275,697.0,468,463,5,True
s01e13b,False,,True,True,friends/description/downloaded_refine_descriptions/mv_friends_s01e13b/descriptions/refined_description.md,True,friends/full_runs/friends_full_scoring_start_14roi_gemini35_20260612/summaries/s01e13b/summary.json,True,True,ses-006_task-s01e13b,True,468,254,697.0,468,463,5,True
s01e14a,False,,True,True,friends/description/downloaded_refine_descriptions/mv_friends_s01e14a/descriptions/refined_description.md,True,friends/full_runs/friends_full_scoring_start_14roi_gemini35_20260612/summaries/s01e14a/summary.json,True,True,ses-006_task-s01e14a,True,491,279,731.0,491,486,5,True
s01e14b,False,,True,True,friends/description/downloaded_refine_descriptions/mv_friends_s01e14b/descriptions/refined_description.md,True,friends/full_runs/friends_full_scoring_start_14roi_gemini35_20260612/summaries/s01e14b/summary.json,True,True,ses-006_task-s01e14b,True,491,283,731.0,491,486,5,True
s01e15a,False,,True,True,friends/description/downloaded_refine_descriptions/mv_friends_s01e15a/descriptions/refined_description.md,True,friends/full_runs/friends_full_scoring_start_14roi_gemini35_20260612/summaries/s01e15a/summary.json,True,True,ses-007_task-s01e15a,True,477,289,704.0,473,472,1,True
s01e15b,False,,True,True,friends/description/downloaded_refine_descriptions/mv_friends_s01e15b/descriptions/refined_description.md,True,friends/full_runs/friends_full_scoring_start_14roi_gemini35_20260612/summaries/s01e15b/summary.json,True,True,ses-007_task-s01e15b,True,477,263,710.0,477,472,5,True
s01e16a,False,,True,True,friends/description/downloaded_refine_descriptions/mv_friends_s01e16a/descriptions/refined_description.md,True,friends/full_runs/friends_full_scoring_start_14roi_gemini35_20260612/summaries/s01e16a/summary.json,True,True,ses-007_task-s01e16a,True,483,279,719.0,483,478,5,True
s01e16b,False,,True,True,friends/description/downloaded_refine_descriptions/mv_friends_s01e16b/descriptions/refined_description.md,True,friends/full_runs/friends_full_scoring_start_14roi_gemini35_20260612/summaries/s01e16b/summary.json,True,True,ses-007_task-s01e16b,True,483,276,719.0,483,478,5,True
s01e17a,False,,True,True,friends/description/downloaded_refine_descriptions/mv_friends_s01e17a/descriptions/refined_description.md,True,friends/full_runs/friends_full_scoring_start_14roi_gemini35_20260612/summaries/s01e17a/summary.json,True,True,ses-007_task-s01e17a,True,483,297,719.0,483,478,5,True
s01e17b,False,,True,True,friends/description/downloaded_refine_descriptions/mv_friends_s01e17b/descriptions/refined_description.md,True,friends/full_runs/friends_full_scoring_start_14roi_gemini35_20260612/summaries/s01e17b/summary.json,True,True,ses-007_task-s01e17b,True,483,295,719.0,483,478,5,True
s01e18a,False,,True,True,friends/description/downloaded_refine_descriptions/mv_friends_s01e18a/descriptions/refined_description.md,True,friends/full_runs/friends_full_scoring_start_14roi_gemini35_20260612/summaries/s01e18a/summary.json,True,True,ses-008_task-s01e18a,True,497,249,740.0,497,492,5,True
s01e18b,False,,True,True,friends/description/downloaded_refine_descriptions/mv_friends_s01e18b/descriptions/refined_description.md,True,friends/full_runs/friends_full_scoring_start_14roi_gemini35_20260612/summaries/s01e18b/summary.json,True,True,ses-008_task-s01e18b,True,497,292,740.0,497,492,5,True
s01e19a,False,,True,True,friends/description/downloaded_refine_descriptions/mv_friends_s01e19a/descriptions/refined_description.md,True,friends/full_runs/friends_full_scoring_start_14roi_gemini35_20260612/summaries/s01e19a/summary.json,True,True,ses-008_task-s01e19a,True,460,268,685.0,460,455,5,True
s01e19b,False,,True,True,friends/description/downloaded_refine_descriptions/mv_friends_s01e19b/descriptions/refined_description.md,True,friends/full_runs/friends_full_scoring_start_14roi_gemini35_20260612/summaries/s01e19b/summary.json,True,True,ses-008_task-s01e19b,True,460,233,685.0,460,455,5,True
s01e20a,False,,True,True,friends/description/downloaded_refine_descriptions/mv_friends_s01e20a/descriptions/refined_description.md,True,friends/full_runs/friends_full_scoring_start_14roi_gemini35_20260612/summaries/s01e20a/summary.json,True,True,ses-009_task-s01e20a,True,460,228,685.0,460,455,5,True
s01e20b,False,,True,True,friends/description/downloaded_refine_descriptions/mv_friends_s01e20b/descriptions/refined_description.md,True,friends/full_runs/friends_full_scoring_start_14roi_gemini35_20260612/summaries/s01e20b/summary.json,True,True,ses-009_task-s01e20b,True,460,277,685.0,460,455,5,True
s01e21a,False,,True,True,friends/description/downloaded_refine_descriptions/mv_friends_s01e21a/descriptions/refined_description.md,True,friends/full_runs/friends_full_scoring_start_14roi_gemini35_20260612/summaries/s01e21a/summary.json,True,True,ses-009_task-s01e21a,True,477,270,710.0,477,472,5,True
s01e21b,False,,True,True,friends/description/downloaded_refine_descriptions/mv_friends_s01e21b/descriptions/refined_description.md,True,friends/full_runs/friends_full_scoring_start_14roi_gemini35_20260612/summaries/s01e21b/summary.json,True,True,ses-009_task-s01e21b,True,477,275,710.0,477,472,5,True
s01e22a,False,,True,True,friends/description/downloaded_refine_descriptions/mv_friends_s01e22a/descriptions/refined_description.md,True,friends/full_runs/friends_full_scoring_start_14roi_gemini35_20260612/summaries/s01e22a/summary.json,True,True,ses-009_task-s01e22a,True,474,291,706.0,474,469,5,True
s01e22b,False,,True,True,friends/description/downloaded_refine_descriptions/mv_friends_s01e22b/descriptions/refined_description.md,True,friends/full_runs/friends_full_scoring_start_14roi_gemini35_20260612/summaries/s01e22b/summary.json,True,True,ses-009_task-s01e22b,True,474,266,705.0,474,469,5,True
s01e23a,False,,True,True,friends/description/downloaded_refine_descriptions/mv_friends_s01e23a/descriptions/refined_description.md,True,friends/full_runs/friends_full_scoring_start_14roi_gemini35_20260612/summaries/s01e23a/summary.json,True,True,ses-010_task-s01e23a,True,462,285,687.0,462,457,5,True
s01e23b,False,,True,True,friends/description/downloaded_refine_descriptions/mv_friends_s01e23b/descriptions/refined_description.md,True,friends/full_runs/friends_full_scoring_start_14roi_gemini35_20260612/summaries/s01e23b/summary.json,True,True,ses-010_task-s01e23b,True,462,250,687.0,462,457,5,True
s01e24a,False,,True,True,friends/description/downloaded_refine_descriptions/mv_friends_s01e24a/descriptions/refined_description.md,True,friends/full_runs/friends_full_scoring_start_14roi_gemini35_20260612/summaries/s01e24a/summary.json,True,True,ses-010_task-s01e24a,True,515,296,766.0,515,510,5,True
s01e24b,False,,True,True,friends/description/downloaded_refine_descriptions/mv_friends_s01e24b/descriptions/refined_description.md,True,friends/full_runs/friends_full_scoring_start_14roi_gemini35_20260612/summaries/s01e24b/summary.json,True,True,ses-010_task-s01e24b,True,515,275,766.0,515,510,5,True
s02e01a,False,,True,True,friends/description/downloaded_refine_descriptions/mv_friends_s02e01a/descriptions/refined_description.md,True,friends/full_runs/friends_full_scoring_start_14roi_gemini35_20260612/summaries/s02e01a/summary.json,True,True,ses-010_task-s02e01a,True,477,247,710.0,477,472,5,True
s02e01b,False,,True,False,friends/description/downloaded_refine_descriptions/mv_friends_s02e01b/descriptions/refined_description.md,True,friends/full_runs/friends_full_scoring_start_14roi_gemini35_20260612/summaries/s02e01b/summary.json,True,True,ses-010_task-s02e01b,True,477,266,710.0,477,472,5,True
s02e02a,False,,True,True,friends/description/downloaded_refine_descriptions/mv_friends_s02e02a/descriptions/refined_description.md,True,friends/full_runs/friends_full_scoring_start_14roi_gemini35_20260612/summaries/s02e02a/summary.json,True,True,ses-011_task-s02e02a,True,450,291,670.0,450,445,5,True
s02e02b,False,,True,False,friends/description/downloaded_refine_descriptions/mv_friends_s02e02b/descriptions/refined_description.md,True,friends/full_runs/friends_full_scoring_start_14roi_gemini35_20260612/summaries/s02e02b/summary.json,True,True,ses-011_task-s02e02b,True,450,245,670.0,450,445,5,True
s02e03a,False,,True,True,friends/description/downloaded_refine_descriptions/mv_friends_s02e03a/descriptions/refined_description.md,True,friends/full_runs/friends_full_scoring_start_14roi_gemini35_20260612/summaries/s02e03a/summary.json,True,True,ses-011_task-s02e03a,True,464,276,691.0,464,459,5,True
s02e03b,False,,False,True,friends/description/downloaded_refine_descriptions/mv_friends_s02e03b/descriptions/refined_description.md,True,friends/full_runs/friends_full_scoring_start_14roi_gemini35_20260612/summaries/s02e03b/summary.json,True,True,ses-011_task-s02e03b,True,464,255,691.0,464,459,5,True
s02e04a,False,,True,True,friends/description/downloaded_refine_descriptions/mv_friends_s02e04a/descriptions/refined_description.md,True,friends/full_runs/friends_full_scoring_start_14roi_gemini35_20260612/summaries/s02e04a/summary.json,True,True,ses-011_task-s02e04a,True,454,264,676.0,454,449,5,True
s02e04b,False,,False,True,friends/description/downloaded_refine_descriptions/mv_friends_s02e04b/descriptions/refined_description.md,True,friends/full_runs/friends_full_scoring_start_14roi_gemini35_20260612/summaries/s02e04b/summary.json,True,True,ses-011_task-s02e04b,True,454,259,675.0,454,449,5,True
s02e05a,False,,True,True,friends/description/downloaded_refine_descriptions/mv_friends_s02e05a/descriptions/refined_description.md,True,friends/full_runs/friends_full_scoring_start_14roi_gemini35_20260612/summaries/s02e05a/summary.json,True,True,ses-011_task-s02e05a,True,455,262,677.0,455,450,5,True
s02e05b,False,,False,True,friends/description/downloaded_refine_descriptions/mv_friends_s02e05b/descriptions/refined_description.md,True,friends/full_runs/friends_full_scoring_start_14roi_gemini35_20260612/summaries/s02e05b/summary.json,True,True,ses-011_task-s02e05b,True,455,264,677.0,455,450,5,True
s02e06a,False,,True,True,friends/description/downloaded_refine_descriptions/mv_friends_s02e06a/descriptions/refined_description.md,True,friends/full_runs/friends_full_scoring_start_14roi_gemini35_20260612/summaries/s02e06a/summary.json,True,True,ses-012_task-s02e06a,True,500,293,744.0,500,495,5,True
s02e06b,False,,True,True,friends/description/downloaded_refine_descriptions/mv_friends_s02e06b/descriptions/refined_description.md,True,friends/full_runs/friends_full_scoring_start_14roi_gemini35_20260612/summaries/s02e06b/summary.json,True,True,ses-012_task-s02e06b,True,500,281,744.0,500,495,5,True
s02e07a,False,,True,True,friends/description/downloaded_refine_descriptions/mv_friends_s02e07a/descriptions/refined_description.md,True,friends/full_runs/friends_full_scoring_start_14roi_gemini35_20260612/summaries/s02e07a/summary.json,True,True,ses-012_task-s02e07a,True,496,303,738.0,496,491,5,True
s02e07b,False,,True,True,friends/description/downloaded_refine_descriptions/mv_friends_s02e07b/descriptions/refined_description.md,True,friends/full_runs/friends_full_scoring_start_14roi_gemini35_20260612/summaries/s02e07b/summary.json,True,True,ses-012_task-s02e07b,True,496,279,738.0,496,491,5,True
s02e08a,False,,True,True,friends/description/downloaded_refine_descriptions/mv_friends_s02e08a/descriptions/refined_description.md,True,friends/full_runs/friends_full_scoring_start_14roi_gemini35_20260612/summaries/s02e08a/summary.json,True,True,ses-013_task-s02e08a,True,458,257,681.0,458,453,5,True
s02e08b,False,,True,True,friends/description/downloaded_refine_descriptions/mv_friends_s02e08b/descriptions/refined_description.md,True,friends/full_runs/friends_full_scoring_start_14roi_gemini35_20260612/summaries/s02e08b/summary.json,True,True,ses-013_task-s02e08b,True,458,250,680.0,457,453,4,True
s02e09a,False,,True,True,friends/description/downloaded_refine_descriptions/mv_friends_s02e09a/descriptions/refined_description.md,True,friends/full_runs/friends_full_scoring_start_14roi_gemini35_20260612/summaries/s02e09a/summary.json,True,True,ses-013_task-s02e09a,True,452,285,672.0,452,447,5,True
s02e09b,False,,False,False,friends/description/downloaded_refine_descriptions/mv_friends_s02e09b/descriptions/refined_description.md,True,friends/full_runs/friends_full_scoring_start_14roi_gemini35_20260612/summaries/s02e09b/summary.json,True,True,ses-013_task-s02e09b,True,452,89,236.0,159,447,-288,False
s02e10a,False,,True,True,friends/description/downloaded_refine_descriptions/mv_friends_s02e10a/descriptions/refined_description.md,True,friends/full_runs/friends_full_scoring_start_14roi_gemini35_20260612/summaries/s02e10a/summary.json,True,True,ses-013_task-s02e10a,True,479,245,713.0,479,474,5,True
s02e10b,False,,True,True,friends/description/downloaded_refine_descriptions/mv_friends_s02e10b/descriptions/refined_description.md,True,friends/full_runs/friends_full_scoring_start_14roi_gemini35_20260612/summaries/s02e10b/summary.json,True,True,ses-013_task-s02e10b,True,479,276,713.0,479,474,5,True
s02e11a,False,,True,True,friends/description/downloaded_refine_descriptions/mv_friends_s02e11a/descriptions/refined_description.md,True,friends/full_runs/friends_full_scoring_start_14roi_gemini35_20260612/summaries/s02e11a/summary.json,True,True,ses-014_task-s02e11a,True,488,275,726.0,488,483,5,True
s02e11b,False,,False,False,friends/description/downloaded_refine_descriptions/mv_friends_s02e11b/descriptions/refined_description.md,True,friends/full_runs/friends_full_scoring_start_14roi_gemini35_20260612/summaries/s02e11b/summary.json,True,True,ses-014_task-s02e11b,True,488,127,315.0,212,483,-271,False
s02e12a,False,,True,True,friends/description/downloaded_refine_descriptions/mv_friends_s02e12a/descriptions/refined_description.md,True,friends/full_runs/friends_full_scoring_start_14roi_gemini35_20260612/summaries/s02e12a/summary.json,True,True,ses-014_task-s02e12a,True,488,281,727.0,488,483,5,True
s02e12b,False,,True,True,friends/description/downloaded_refine_descriptions/mv_friends_s02e12b/descriptions/refined_description.md,True,friends/full_runs/friends_full_scoring_start_14roi_gemini35_20260612/summaries/s02e12b/summary.json,True,True,ses-014_task-s02e12b,True,488,270,727.0,488,483,5,True
s02e13a,False,,True,True,friends/description/downloaded_refine_descriptions/mv_friends_s02e13a/descriptions/refined_description.md,True,friends/full_runs/friends_full_scoring_start_14roi_gemini35_20260612/summaries/s02e13a/summary.json,True,True,ses-014_task-s02e13a,True,488,286,727.0,488,483,5,True
s02e13b,False,,True,True,friends/description/downloaded_refine_descriptions/mv_friends_s02e13b/descriptions/refined_description.md,True,friends/full_runs/friends_full_scoring_start_14roi_gemini35_20260612/summaries/s02e13b/summary.json,True,True,ses-014_task-s02e13b,True,488,267,727.0,488,483,5,True
s02e14a,False,,True,True,friends/description/downloaded_refine_descriptions/mv_friends_s02e14a/descriptions/refined_description.md,True,friends/full_runs/friends_full_scoring_start_14roi_gemini35_20260612/summaries/s02e14a/summary.json,True,True,ses-015_task-s02e14a,True,474,279,705.0,474,469,5,True
s02e14b,False,,True,True,friends/description/downloaded_refine_descriptions/mv_friends_s02e14b/descriptions/refined_description.md,True,friends/full_runs/friends_full_scoring_start_14roi_gemini35_20260612/summaries/s02e14b/summary.json,True,True,ses-015_task-s02e14b,True,474,261,705.0,474,469,5,True
s02e15a,False,,True,True,friends/description/downloaded_refine_descriptions/mv_friends_s02e15a/descriptions/refined_description.md,True,friends/full_runs/friends_full_scoring_start_14roi_gemini35_20260612/summaries/s02e15a/summary.json,True,True,ses-015_task-s02e15a,True,466,270,693.0,466,461,5,True
s02e15b,False,,True,True,friends/description/downloaded_refine_descriptions/mv_friends_s02e15b/descriptions/refined_description.md,True,friends/full_runs/friends_full_scoring_start_14roi_gemini35_20260612/summaries/s02e15b/summary.json,True,True,ses-015_task-s02e15b,True,466,281,693.0,466,461,5,True
s02e16a,False,,True,True,friends/description/downloaded_refine_descriptions/mv_friends_s02e16a/descriptions/refined_description.md,True,friends/full_runs/friends_full_scoring_start_14roi_gemini35_20260612/summaries/s02e16a/summary.json,True,True,ses-016_task-s02e16a,True,478,282,711.0,478,473,5,True
s02e16b,False,,True,True,friends/description/downloaded_refine_descriptions/mv_friends_s02e16b/descriptions/refined_description.md,True,friends/full_runs/friends_full_scoring_start_14roi_gemini35_20260612/summaries/s02e16b/summary.json,True,True,ses-016_task-s02e16b,True,478,291,711.0,478,473,5,True
s02e17a,False,,True,True,friends/description/downloaded_refine_descriptions/mv_friends_s02e17a/descriptions/refined_description.md,True,friends/full_runs/friends_full_scoring_start_14roi_gemini35_20260612/summaries/s02e17a/summary.json,True,True,ses-016_task-s02e17a,True,489,264,728.0,489,484,5,True
s02e17b,False,,True,True,friends/description/downloaded_refine_descriptions/mv_friends_s02e17b/descriptions/refined_description.md,True,friends/full_runs/friends_full_scoring_start_14roi_gemini35_20260612/summaries/s02e17b/summary.json,True,True,ses-016_task-s02e17b,True,489,282,728.0,489,484,5,True
s02e18a,False,,True,True,friends/description/downloaded_refine_descriptions/mv_friends_s02e18a/descriptions/refined_description.md,True,friends/full_runs/friends_full_scoring_start_14roi_gemini35_20260612/summaries/s02e18a/summary.json,True,True,ses-017_task-s02e18a,True,460,271,684.0,460,455,5,True
s02e18b,False,,True,True,friends/description/downloaded_refine_descriptions/mv_friends_s02e18b/descriptions/refined_description.md,True,friends/full_runs/friends_full_scoring_start_14roi_gemini35_20260612/summaries/s02e18b/summary.json,True,True,ses-017_task-s02e18b,True,460,269,684.0,460,455,5,True
s02e19a,False,,True,True,friends/description/downloaded_refine_descriptions/mv_friends_s02e19a/descriptions/refined_description.md,True,friends/full_runs/friends_full_scoring_start_14roi_gemini35_20260612/summaries/s02e19a/summary.json,True,True,ses-017_task-s02e19a,True,478,271,711.0,478,473,5,True
s02e19b,False,,True,True,friends/description/downloaded_refine_descriptions/mv_friends_s02e19b/descriptions/refined_description.md,True,friends/full_runs/friends_full_scoring_start_14roi_gemini35_20260612/summaries/s02e19b/summary.json,True,True,ses-017_task-s02e19b,True,478,265,711.0,478,473,5,True
s02e20a,False,,True,True,friends/description/downloaded_refine_descriptions/mv_friends_s02e20a/descriptions/refined_description.md,True,friends/full_runs/friends_full_scoring_start_14roi_gemini35_20260612/summaries/s02e20a/summary.json,True,True,ses-017_task-s02e20a,True,449,263,669.0,449,444,5,True
s02e20b,False,,True,False,friends/description/downloaded_refine_descriptions/mv_friends_s02e20b/descriptions/refined_description.md,True,friends/full_runs/friends_full_scoring_start_14roi_gemini35_20260612/summaries/s02e20b/summary.json,True,True,ses-017_task-s02e20b,True,449,249,668.0,449,444,5,True
s02e21a,False,,True,False,friends/description/downloaded_refine_descriptions/mv_friends_s02e21a/descriptions/refined_description.md,True,friends/full_runs/friends_full_scoring_start_14roi_gemini35_20260612/summaries/s02e21a/summary.json,True,True,ses-017_task-s02e21a,True,470,254,700.0,470,465,5,True
s02e21b,False,,True,False,friends/description/downloaded_refine_descriptions/mv_friends_s02e21b/descriptions/refined_description.md,True,friends/full_runs/friends_full_scoring_start_14roi_gemini35_20260612/summaries/s02e21b/summary.json,True,True,ses-017_task-s02e21b,True,470,278,700.0,470,465,5,True
s02e22a,False,,True,False,friends/description/downloaded_refine_descriptions/mv_friends_s02e22a/descriptions/refined_description.md,True,friends/full_runs/friends_full_scoring_start_14roi_gemini35_20260612/summaries/s02e22a/summary.json,True,True,ses-017_task-s02e22a,True,453,235,674.0,453,448,5,True
s02e22b,False,,True,False,friends/description/downloaded_refine_descriptions/mv_friends_s02e22b/descriptions/refined_description.md,True,friends/full_runs/friends_full_scoring_start_14roi_gemini35_20260612/summaries/s02e22b/summary.json,True,True,ses-017_task-s02e22b,True,453,245,674.0,453,448,5,True
s02e23a,False,,True,False,friends/description/downloaded_refine_descriptions/mv_friends_s02e23a/descriptions/refined_description.md,True,friends/full_runs/friends_full_scoring_start_14roi_gemini35_20260612/summaries/s02e23a/summary.json,True,True,ses-018_task-s02e23a,True,456,249,678.0,456,451,5,True
s02e23b,False,,True,False,friends/description/downloaded_refine_descriptions/mv_friends_s02e23b/descriptions/refined_description.md,True,friends/full_runs/friends_full_scoring_start_14roi_gemini35_20260612/summaries/s02e23b/summary.json,True,True,ses-018_task-s02e23b,True,456,254,678.0,456,451,5,True
s02e24a,False,,False,False,friends/description/downloaded_refine_descriptions/mv_friends_s02e24a/descriptions/refined_description.md,True,friends/full_runs/friends_full_scoring_start_14roi_gemini35_20260612/summaries/s02e24a/summary.json,True,True,ses-018_task-s02e24a,True,469,253,682.0,458,464,-6,False
s02e24b,False,,True,False,friends/description/downloaded_refine_descriptions/mv_friends_s02e24b/descriptions/refined_description.md,True,friends/full_runs/friends_full_scoring_start_14roi_gemini35_20260612/summaries/s02e24b/summary.json,True,True,ses-018_task-s02e24b,True,469,252,697.0,468,464,4,True
s03e01a,False,,False,True,friends/description/downloaded_refine_descriptions/mv_friends_s03e01a/descriptions/refined_description.md,True,friends/full_runs/friends_full_scoring_start_14roi_gemini35_20260612/summaries/s03e01a/summary.json,True,True,ses-019_task-s03e01a,True,491,269,731.0,491,486,5,True
s03e01b,False,,False,True,friends/description/downloaded_refine_descriptions/mv_friends_s03e01b/descriptions/refined_description.md,True,friends/full_runs/friends_full_scoring_start_14roi_gemini35_20260612/summaries/s03e01b/summary.json,True,True,ses-019_task-s03e01b,True,491,264,731.0,491,486,5,True
s03e02a,False,,False,True,friends/description/downloaded_refine_descriptions/mv_friends_s03e02a/descriptions/refined_description.md,True,friends/full_runs/friends_full_scoring_start_14roi_gemini35_20260612/summaries/s03e02a/summary.json,True,True,ses-019_task-s03e02a,True,475,272,707.0,475,470,5,True
s03e02b,False,,False,True,friends/description/downloaded_refine_descriptions/mv_friends_s03e02b/descriptions/refined_description.md,True,friends/full_runs/friends_full_scoring_start_14roi_gemini35_20260612/summaries/s03e02b/summary.json,True,True,ses-019_task-s03e02b,True,475,282,707.0,475,470,5,True
s03e03a,False,,False,True,friends/description/downloaded_refine_descriptions/mv_friends_s03e03a/descriptions/refined_description.md,True,friends/full_runs/friends_full_scoring_start_14roi_gemini35_20260612/summaries/s03e03a/summary.json,True,True,ses-019_task-s03e03a,True,454,253,675.0,454,449,5,True
s03e03b,False,,False,True,friends/description/downloaded_refine_descriptions/mv_friends_s03e03b/descriptions/refined_description.md,True,friends/full_runs/friends_full_scoring_start_14roi_gemini35_20260612/summaries/s03e03b/summary.json,True,True,ses-019_task-s03e03b,True,454,284,675.0,454,449,5,True
s03e04a,False,,False,True,friends/description/downloaded_refine_descriptions/mv_friends_s03e04a/descriptions/refined_description.md,True,friends/full_runs/friends_full_scoring_start_14roi_gemini35_20260612/summaries/s03e04a/summary.json,True,True,ses-020_task-s03e04a,True,473,268,704.0,473,468,5,True
s03e04b,True,,False,False,friends/description/downloaded_refine_descriptions/mv_friends_s03e04b/descriptions/refined_description.md,True,friends/full_runs/friends_full_scoring_start_14roi_gemini35_20260612/summaries/s03e04b/summary.json,False,False,ses-020_task-s03e04b,True,473,274,704.0,473,468,5,True
s03e05a,True,,False,False,friends/description/downloaded_refine_descriptions/mv_friends_s03e05a/descriptions/refined_description.md,True,friends/full_runs/friends_full_scoring_start_14roi_gemini35_20260612/summaries/s03e05a/summary.json,False,False,ses-020_task-s03e05a,True,484,286,721.0,484,479,5,True
s03e05b,True,,False,False,friends/description/downloaded_refine_descriptions/mv_friends_s03e05b/descriptions/refined_description.md,True,friends/full_runs/friends_full_scoring_start_14roi_gemini35_20260612/summaries/s03e05b/summary.json,False,False,ses-020_task-s03e05b,True,484,299,721.0,484,479,5,True
s03e06a,False,skipped_abnormal_description_timeline,False,False,friends/description/downloaded_refine_descriptions/mv_friends_s03e06a/descriptions/refined_description.md,True,friends/full_runs/friends_full_scoring_start_14roi_gemini35_20260612/summaries/s03e06a/summary.json,False,False,ses-020_task-s03e06a,True,470,259,1299.0,872,465,407,True
s03e06b,True,,False,False,friends/description/downloaded_refine_descriptions/mv_friends_s03e06b/descriptions/refined_description.md,True,friends/full_runs/friends_full_scoring_start_14roi_gemini35_20260612/summaries/s03e06b/summary.json,False,False,ses-020_task-s03e06b,True,470,283,698.0,469,465,4,True
s03e07a,True,,False,False,friends/description/downloaded_refine_descriptions/mv_friends_s03e07a/descriptions/refined_description.md,True,friends/full_runs/friends_full_scoring_start_14roi_gemini35_20260612/summaries/s03e07a/summary.json,False,False,ses-021_task-s03e07a,True,467,263,695.0,467,462,5,True
s03e07b,True,,False,False,friends/description/downloaded_refine_descriptions/mv_friends_s03e07b/descriptions/refined_description.md,True,friends/full_runs/friends_full_scoring_start_14roi_gemini35_20260612/summaries/s03e07b/summary.json,False,False,ses-021_task-s03e07b,True,467,268,695.0,467,462,5,True
s03e08a,True,,False,False,friends/description/downloaded_refine_descriptions/mv_friends_s03e08a/descriptions/refined_description.md,True,friends/full_runs/friends_full_scoring_start_14roi_gemini35_20260612/summaries/s03e08a/summary.json,False,False,ses-021_task-s03e08a,True,460,289,684.0,460,455,5,True
s03e08b,False,,False,False,friends/description/downloaded_refine_descriptions/mv_friends_s03e08b/descriptions/refined_description.md,True,friends/full_runs/friends_full_scoring_start_14roi_gemini35_20260612/summaries/s03e08b/summary.json,False,False,ses-021_task-s03e08b,True,460,211,551.0,370,455,-85,False
s03e09a,True,,False,False,friends/description/downloaded_refine_descriptions/mv_friends_s03e09a/descriptions/refined_description.md,True,friends/full_runs/friends_full_scoring_start_14roi_gemini35_20260612/summaries/s03e09a/summary.json,False,False,ses-021_task-s03e09a,True,493,284,734.0,493,488,5,True
s03e09b,True,,False,False,friends/description/downloaded_refine_descriptions/mv_friends_s03e09b/descriptions/refined_description.md,True,friends/full_runs/friends_full_scoring_start_14roi_gemini35_20260612/summaries/s03e09b/summary.json,False,False,ses-021_task-s03e09b,True,493,248,734.0,493,488,5,True
s03e10a,True,,False,False,friends/description/downloaded_refine_descriptions/mv_friends_s03e10a/descriptions/refined_description.md,True,friends/full_runs/friends_full_scoring_start_14roi_gemini35_20260612/summaries/s03e10a/summary.json,False,False,ses-022_task-s03e10a,True,451,234,671.0,451,446,5,True
s03e10b,False,,False,False,friends/description/downloaded_refine_descriptions/mv_friends_s03e10b/descriptions/refined_description.md,True,friends/full_runs/friends_full_scoring_start_14roi_gemini35_20260612/summaries/s03e10b/summary.json,False,False,ses-022_task-s03e10b,True,451,177,671.0,451,446,5,True
s03e11a,False,,False,False,friends/description/downloaded_refine_descriptions/mv_friends_s03e11a/descriptions/refined_description.md,True,friends/full_runs/friends_full_scoring_start_14roi_gemini35_20260612/summaries/s03e11a/summary.json,False,False,ses-022_task-s03e11a,True,457,253,680.0,457,452,5,True
s03e11b,False,,False,False,friends/description/downloaded_refine_descriptions/mv_friends_s03e11b/descriptions/refined_description.md,True,friends/full_runs/friends_full_scoring_start_14roi_gemini35_20260612/summaries/s03e11b/summary.json,False,False,ses-022_task-s03e11b,True,456,263,679.0,456,451,5,True
s03e12a,False,,False,False,friends/description/downloaded_refine_descriptions/mv_friends_s03e12a/descriptions/refined_description.md,True,friends/full_runs/friends_full_scoring_start_14roi_gemini35_20260612/summaries/s03e12a/summary.json,False,False,ses-022_task-s03e12a,True,464,277,691.0,464,459,5,True
s03e12b,False,,False,False,friends/description/downloaded_refine_descriptions/mv_friends_s03e12b/descriptions/refined_description.md,True,friends/full_runs/friends_full_scoring_start_14roi_gemini35_20260612/summaries/s03e12b/summary.json,False,False,ses-022_task-s03e12b,True,464,237,690.0,464,459,5,True
s03e13a,False,,False,False,friends/description/downloaded_refine_descriptions/mv_friends_s03e13a/descriptions/refined_description.md,True,friends/full_runs/friends_full_scoring_start_14roi_gemini35_20260612/summaries/s03e13a/summary.json,False,False,ses-023_task-s03e13a,True,474,1,0.0,1,469,-468,False
s03e13b,False,,False,False,friends/description/downloaded_refine_descriptions/mv_friends_s03e13b/descriptions/refined_description.md,True,friends/full_runs/friends_full_scoring_start_14roi_gemini35_20260612/summaries/s03e13b/summary.json,False,False,ses-023_task-s03e13b,True,473,252,704.0,473,468,5,True
s03e14a,False,,False,False,friends/description/downloaded_refine_descriptions/mv_friends_s03e14a/descriptions/refined_description.md,True,friends/full_runs/friends_full_scoring_start_14roi_gemini35_20260612/summaries/s03e14a/summary.json,False,False,ses-023_task-s03e14a,True,458,266,682.0,458,453,5,True
s03e14b,False,,False,False,friends/description/downloaded_refine_descriptions/mv_friends_s03e14b/descriptions/refined_description.md,True,friends/full_runs/friends_full_scoring_start_14roi_gemini35_20260612/summaries/s03e14b/summary.json,False,False,ses-023_task-s03e14b,True,458,249,682.0,458,453,5,True
s03e15a,False,,False,False,friends/description/downloaded_refine_descriptions/mv_friends_s03e15a/descriptions/refined_description.md,True,friends/full_runs/friends_full_scoring_start_14roi_gemini35_20260612/summaries/s03e15a/summary.json,False,False,ses-024_task-s03e15a,True,458,280,682.0,458,453,5,True
s03e15b,False,,False,False,friends/description/downloaded_refine_descriptions/mv_friends_s03e15b/descriptions/refined_description.md,True,friends/full_runs/friends_full_scoring_start_14roi_gemini35_20260612/summaries/s03e15b/summary.json,False,False,ses-024_task-s03e15b,True,458,247,681.0,458,453,5,True
s03e16a,False,,False,False,friends/description/downloaded_refine_descriptions/mv_friends_s03e16a/descriptions/refined_description.md,True,friends/full_runs/friends_full_scoring_start_14roi_gemini35_20260612/summaries/s03e16a/summary.json,False,False,ses-024_task-s03e16a,True,468,258,697.0,468,463,5,True
s03e16b,False,,False,False,friends/description/downloaded_refine_descriptions/mv_friends_s03e16b/descriptions/refined_description.md,True,friends/full_runs/friends_full_scoring_start_14roi_gemini35_20260612/summaries/s03e16b/summary.json,False,False,ses-024_task-s03e16b,True,468,251,697.0,468,463,5,True
s03e17a,False,,False,False,friends/description/downloaded_refine_descriptions/mv_friends_s03e17a/descriptions/refined_description.md,True,friends/full_runs/friends_full_scoring_start_14roi_gemini35_20260612/summaries/s03e17a/summary.json,False,False,ses-024_task-s03e17a,True,454,255,675.0,454,449,5,True
s03e17b,False,,False,False,friends/description/downloaded_refine_descriptions/mv_friends_s03e17b/descriptions/refined_description.md,True,friends/full_runs/friends_full_scoring_start_14roi_gemini35_20260612/summaries/s03e17b/summary.json,False,False,ses-024_task-s03e17b,True,453,264,674.0,453,448,5,True
s03e18a,False,,False,False,friends/description/downloaded_refine_descriptions/mv_friends_s03e18a/descriptions/refined_description.md,True,friends/full_runs/friends_full_scoring_start_14roi_gemini35_20260612/summaries/s03e18a/summary.json,False,False,ses-025_task-s03e18a,True,469,261,698.0,469,464,5,True
s03e18b,False,,False,False,friends/description/downloaded_refine_descriptions/mv_friends_s03e18b/descriptions/refined_description.md,True,friends/full_runs/friends_full_scoring_start_14roi_gemini35_20260612/summaries/s03e18b/summary.json,False,False,ses-025_task-s03e18b,True,469,277,698.0,469,464,5,True
s03e19a,False,,False,False,friends/description/downloaded_refine_descriptions/mv_friends_s03e19a/descriptions/refined_description.md,True,friends/full_runs/friends_full_scoring_start_14roi_gemini35_20260612/summaries/s03e19a/summary.json,False,False,ses-025_task-s03e19a,True,468,278,697.0,468,463,5,True
s03e19b,False,,False,False,friends/description/downloaded_refine_descriptions/mv_friends_s03e19b/descriptions/refined_description.md,True,friends/full_runs/friends_full_scoring_start_14roi_gemini35_20260612/summaries/s03e19b/summary.json,False,False,ses-025_task-s03e19b,True,468,278,697.0,468,463,5,True
s03e20a,False,,False,False,friends/description/downloaded_refine_descriptions/mv_friends_s03e20a/descriptions/refined_description.md,True,friends/full_runs/friends_full_scoring_start_14roi_gemini35_20260612/summaries/s03e20a/summary.json,False,False,ses-025_task-s03e20a,True,464,273,690.0,464,459,5,True
s03e20b,False,,False,False,friends/description/downloaded_refine_descriptions/mv_friends_s03e20b/descriptions/refined_description.md,True,friends/full_runs/friends_full_scoring_start_14roi_gemini35_20260612/summaries/s03e20b/summary.json,False,False,ses-025_task-s03e20b,True,464,257,690.0,464,459,5,True
s03e21a,False,,False,False,friends/description/downloaded_refine_descriptions/mv_friends_s03e21a/descriptions/refined_description.md,True,friends/full_runs/friends_full_scoring_start_14roi_gemini35_20260612/summaries/s03e21a/summary.json,False,False,ses-026_task-s03e21a,True,460,255,685.0,460,455,5,True
s03e21b,False,,False,False,friends/description/downloaded_refine_descriptions/mv_friends_s03e21b/descriptions/refined_description.md,True,friends/full_runs/friends_full_scoring_start_14roi_gemini35_20260612/summaries/s03e21b/summary.json,False,False,ses-026_task-s03e21b,True,460,279,685.0,460,455,5,True
s03e22a,False,,False,False,friends/description/downloaded_refine_descriptions/mv_friends_s03e22a/descriptions/refined_description.md,True,friends/full_runs/friends_full_scoring_start_14roi_gemini35_20260612/summaries/s03e22a/summary.json,False,False,ses-026_task-s03e22a,True,463,269,689.0,463,458,5,True
s03e22b,False,,False,False,friends/description/downloaded_refine_descriptions/mv_friends_s03e22b/descriptions/refined_description.md,True,friends/full_runs/friends_full_scoring_start_14roi_gemini35_20260612/summaries/s03e22b/summary.json,False,False,ses-026_task-s03e22b,True,463,252,689.0,463,458,5,True
s03e23a,False,,False,False,friends/description/downloaded_refine_descriptions/mv_friends_s03e23a/descriptions/refined_description.md,True,friends/full_runs/friends_full_scoring_start_14roi_gemini35_20260612/summaries/s03e23a/summary.json,False,False,ses-027_task-s03e23a,True,470,273,699.0,470,465,5,True
s03e23b,False,,False,False,friends/description/downloaded_refine_descriptions/mv_friends_s03e23b/descriptions/refined_description.md,True,friends/full_runs/friends_full_scoring_start_14roi_gemini35_20260612/summaries/s03e23b/summary.json,False,False,ses-027_task-s03e23b,True,470,272,699.0,470,465,5,True
s03e24a,False,,False,False,friends/description/downloaded_refine_descriptions/mv_friends_s03e24a/descriptions/refined_description.md,True,friends/full_runs/friends_full_scoring_start_14roi_gemini35_20260612/summaries/s03e24a/summary.json,False,False,ses-027_task-s03e24a,True,454,227,676.0,454,449,5,True
s03e24b,False,,False,False,friends/description/downloaded_refine_descriptions/mv_friends_s03e24b/descriptions/refined_description.md,True,friends/full_runs/friends_full_scoring_start_14roi_gemini35_20260612/summaries/s03e24b/summary.json,False,False,ses-027_task-s03e24b,True,454,250,676.0,454,449,5,True
s03e25a,False,,False,False,friends/description/downloaded_refine_descriptions/mv_friends_s03e25a/descriptions/refined_description.md,True,friends/full_runs/friends_full_scoring_start_14roi_gemini35_20260612/summaries/s03e25a/summary.json,False,False,ses-027_task-s03e25a,True,479,213,713.0,479,474,5,True
s03e25b,False,,False,False,friends/description/downloaded_refine_descriptions/mv_friends_s03e25b/descriptions/refined_description.md,True,friends/full_runs/friends_full_scoring_start_14roi_gemini35_20260612/summaries/s03e25b/summary.json,False,False,ses-027_task-s03e25b,True,479,257,713.0,479,474,5,True
s04e01a,False,,False,False,friends/description/downloaded_refine_descriptions/mv_friends_s04e01a/descriptions/refined_description.md,True,friends/full_runs/friends_full_scoring_start_14roi_gemini35_20260612/summaries/s04e01a/summary.json,False,False,ses-027_task-s04e01a,True,468,265,696.0,468,463,5,True
s04e01b,False,,False,False,friends/description/downloaded_refine_descriptions/mv_friends_s04e01b/descriptions/refined_description.md,True,friends/full_runs/friends_full_scoring_start_14roi_gemini35_20260612/summaries/s04e01b/summary.json,False,False,ses-027_task-s04e01b,True,468,285,696.0,468,463,5,True
s04e02a,False,,False,False,friends/description/downloaded_refine_descriptions/mv_friends_s04e02a/descriptions/refined_description.md,True,friends/full_runs/friends_full_scoring_start_14roi_gemini35_20260612/summaries/s04e02a/summary.json,False,False,ses-027_task-s04e02a,True,478,282,712.0,478,473,5,True
s04e02b,False,,False,False,friends/description/downloaded_refine_descriptions/mv_friends_s04e02b/descriptions/refined_description.md,True,friends/full_runs/friends_full_scoring_start_14roi_gemini35_20260612/summaries/s04e02b/summary.json,False,False,ses-027_task-s04e02b,True,478,271,712.0,478,473,5,True
s04e03a,False,,False,False,friends/description/downloaded_refine_descriptions/mv_friends_s04e03a/descriptions/refined_description.md,True,friends/full_runs/friends_full_scoring_start_14roi_gemini35_20260612/summaries/s04e03a/summary.json,False,False,ses-028_task-s04e03a,True,445,236,662.0,445,440,5,True
s04e03b,False,,False,False,friends/description/downloaded_refine_descriptions/mv_friends_s04e03b/descriptions/refined_description.md,True,friends/full_runs/friends_full_scoring_start_14roi_gemini35_20260612/summaries/s04e03b/summary.json,False,False,ses-028_task-s04e03b,True,445,262,662.0,445,440,5,True
s04e04a,False,,False,False,friends/description/downloaded_refine_descriptions/mv_friends_s04e04a/descriptions/refined_description.md,True,friends/full_runs/friends_full_scoring_start_14roi_gemini35_20260612/summaries/s04e04a/summary.json,False,False,ses-028_task-s04e04a,True,453,270,674.0,453,448,5,True
s04e04b,False,,False,False,friends/description/downloaded_refine_descriptions/mv_friends_s04e04b/descriptions/refined_description.md,True,friends/full_runs/friends_full_scoring_start_14roi_gemini35_20260612/summaries/s04e04b/summary.json,False,False,ses-028_task-s04e04b,True,453,263,674.0,453,448,5,True
s04e05a,False,,False,False,friends/description/downloaded_refine_descriptions/mv_friends_s04e05a/descriptions/refined_description.md,True,friends/full_runs/friends_full_scoring_start_14roi_gemini35_20260612/summaries/s04e05a/summary.json,False,False,ses-028_task-s04e05a,True,471,247,701.0,471,466,5,True
s04e05b,False,,False,False,friends/description/downloaded_refine_descriptions/mv_friends_s04e05b/descriptions/refined_description.md,True,friends/full_runs/friends_full_scoring_start_14roi_gemini35_20260612/summaries/s04e05b/summary.json,False,False,ses-028_task-s04e05b,True,471,263,701.0,471,466,5,True
s04e06a,False,,False,False,friends/description/downloaded_refine_descriptions/mv_friends_s04e06a/descriptions/refined_description.md,True,friends/full_runs/friends_full_scoring_start_14roi_gemini35_20260612/summaries/s04e06a/summary.json,False,False,ses-028_task-s04e06a,True,465,253,692.0,465,460,5,True
s04e06b,False,,False,False,friends/description/downloaded_refine_descriptions/mv_friends_s04e06b/descriptions/refined_description.md,True,friends/full_runs/friends_full_scoring_start_14roi_gemini35_20260612/summaries/s04e06b/summary.json,False,False,ses-028_task-s04e06b,True,465,247,692.0,465,460,5,True
s04e07a,False,,False,False,friends/description/downloaded_refine_descriptions/mv_friends_s04e07a/descriptions/refined_description.md,True,friends/full_runs/friends_full_scoring_start_14roi_gemini35_20260612/summaries/s04e07a/summary.json,False,False,ses-028_task-s04e07a,True,497,277,740.0,497,492,5,True
s04e07b,False,,False,False,friends/description/downloaded_refine_descriptions/mv_friends_s04e07b/descriptions/refined_description.md,True,friends/full_runs/friends_full_scoring_start_14roi_gemini35_20260612/summaries/s04e07b/summary.json,False,False,ses-028_task-s04e07b,True,497,300,740.0,497,492,5,True
s04e08a,False,,False,False,friends/description/downloaded_refine_descriptions/mv_friends_s04e08a/descriptions/refined_description.md,True,friends/full_runs/friends_full_scoring_start_14roi_gemini35_20260612/summaries/s04e08a/summary.json,False,False,ses-029_task-s04e08a,True,503,302,748.0,503,498,5,True
s04e08b,False,,False,False,friends/description/downloaded_refine_descriptions/mv_friends_s04e08b/descriptions/refined_description.md,True,friends/full_runs/friends_full_scoring_start_14roi_gemini35_20260612/summaries/s04e08b/summary.json,False,False,ses-029_task-s04e08b,True,503,299,748.0,503,498,5,True
s04e09a,False,,False,False,friends/description/downloaded_refine_descriptions/mv_friends_s04e09a/descriptions/refined_description.md,True,friends/full_runs/friends_full_scoring_start_14roi_gemini35_20260612/summaries/s04e09a/summary.json,False,False,ses-029_task-s04e09a,True,441,267,656.0,441,436,5,True
s04e09b,False,,False,False,friends/description/downloaded_refine_descriptions/mv_friends_s04e09b/descriptions/refined_description.md,True,friends/full_runs/friends_full_scoring_start_14roi_gemini35_20260612/summaries/s04e09b/summary.json,False,False,ses-029_task-s04e09b,True,441,259,656.0,441,436,5,True
s04e10a,False,,False,False,friends/description/downloaded_refine_descriptions/mv_friends_s04e10a/descriptions/refined_description.md,True,friends/full_runs/friends_full_scoring_start_14roi_gemini35_20260612/summaries/s04e10a/summary.json,False,False,ses-029_task-s04e10a,True,449,244,668.0,449,444,5,True
s04e10b,False,,False,False,friends/description/downloaded_refine_descriptions/mv_friends_s04e10b/descriptions/refined_description.md,True,friends/full_runs/friends_full_scoring_start_14roi_gemini35_20260612/summaries/s04e10b/summary.json,False,False,ses-029_task-s04e10b,True,449,259,668.0,449,444,5,True
s04e11a,False,,False,False,friends/description/downloaded_refine_descriptions/mv_friends_s04e11a/descriptions/refined_description.md,True,friends/full_runs/friends_full_scoring_start_14roi_gemini35_20260612/summaries/s04e11a/summary.json,False,False,ses-029_task-s04e11a,True,483,275,719.0,483,478,5,True
s04e11b,False,,False,False,friends/description/downloaded_refine_descriptions/mv_friends_s04e11b/descriptions/refined_description.md,True,friends/full_runs/friends_full_scoring_start_14roi_gemini35_20260612/summaries/s04e11b/summary.json,False,False,ses-029_task-s04e11b,True,483,288,719.0,483,478,5,True
s04e12a,False,,False,False,friends/description/downloaded_refine_descriptions/mv_friends_s04e12a/descriptions/refined_description.md,True,friends/full_runs/friends_full_scoring_start_14roi_gemini35_20260612/summaries/s04e12a/summary.json,False,False,ses-030_task-s04e12a,True,466,267,693.0,466,461,5,True
s04e12b,False,,False,False,friends/description/downloaded_refine_descriptions/mv_friends_s04e12b/descriptions/refined_description.md,True,friends/full_runs/friends_full_scoring_start_14roi_gemini35_20260612/summaries/s04e12b/summary.json,False,False,ses-030_task-s04e12b,True,466,252,693.0,466,461,5,True
s04e13a,False,,False,False,friends/description/downloaded_refine_descriptions/mv_friends_s04e13a/descriptions/refined_description.md,True,friends/full_runs/friends_full_scoring_start_14roi_gemini35_20260612/summaries/s04e13a/summary.json,False,False,ses-030_task-s04e13a,True,448,255,667.0,448,443,5,True
s04e13b,False,,False,False,friends/description/downloaded_refine_descriptions/mv_friends_s04e13b/descriptions/refined_description.md,True,friends/full_runs/friends_full_scoring_start_14roi_gemini35_20260612/summaries/s04e13b/summary.json,False,False,ses-030_task-s04e13b,True,448,267,667.0,448,443,5,True
s04e14a,False,,False,False,friends/description/downloaded_refine_descriptions/mv_friends_s04e14a/descriptions/refined_description.md,True,friends/full_runs/friends_full_scoring_start_14roi_gemini35_20260612/summaries/s04e14a/summary.json,False,False,ses-030_task-s04e14a,True,447,254,665.0,447,442,5,True
s04e14b,False,,False,False,friends/description/downloaded_refine_descriptions/mv_friends_s04e14b/descriptions/refined_description.md,True,friends/full_runs/friends_full_scoring_start_14roi_gemini35_20260612/summaries/s04e14b/summary.json,False,False,ses-030_task-s04e14b,True,447,257,664.0,446,442,4,True
s04e15a,False,,False,False,friends/description/downloaded_refine_descriptions/mv_friends_s04e15a/descriptions/refined_description.md,True,friends/full_runs/friends_full_scoring_start_14roi_gemini35_20260612/summaries/s04e15a/summary.json,False,False,ses-031_task-s04e15a,True,444,240,661.0,444,439,5,True
s04e15b,False,,False,False,friends/description/downloaded_refine_descriptions/mv_friends_s04e15b/descriptions/refined_description.md,True,friends/full_runs/friends_full_scoring_start_14roi_gemini35_20260612/summaries/s04e15b/summary.json,False,False,ses-031_task-s04e15b,True,444,261,661.0,444,439,5,True
s04e16a,False,,False,False,friends/description/downloaded_refine_descriptions/mv_friends_s04e16a/descriptions/refined_description.md,True,friends/full_runs/friends_full_scoring_start_14roi_gemini35_20260612/summaries/s04e16a/summary.json,False,False,ses-031_task-s04e16a,True,487,241,637.0,428,482,-54,False
s04e16b,False,,False,False,friends/description/downloaded_refine_descriptions/mv_friends_s04e16b/descriptions/refined_description.md,True,friends/full_runs/friends_full_scoring_start_14roi_gemini35_20260612/summaries/s04e16b/summary.json,False,False,ses-031_task-s04e16b,True,487,248,725.0,487,482,5,True
s04e17a,False,,False,False,friends/description/downloaded_refine_descriptions/mv_friends_s04e17a/descriptions/refined_description.md,True,friends/full_runs/friends_full_scoring_start_14roi_gemini35_20260612/summaries/s04e17a/summary.json,False,False,ses-031_task-s04e17a,True,478,285,712.0,478,473,5,True
s04e17b,False,,False,False,friends/description/downloaded_refine_descriptions/mv_friends_s04e17b/descriptions/refined_description.md,True,friends/full_runs/friends_full_scoring_start_14roi_gemini35_20260612/summaries/s04e17b/summary.json,False,False,ses-031_task-s04e17b,True,478,275,711.0,478,473,5,True
s04e18a,False,,False,False,friends/description/downloaded_refine_descriptions/mv_friends_s04e18a/descriptions/refined_description.md,True,friends/full_runs/friends_full_scoring_start_14roi_gemini35_20260612/summaries/s04e18a/summary.json,False,False,ses-032_task-s04e18a,True,450,235,670.0,450,445,5,True
s04e18b,False,,False,False,friends/description/downloaded_refine_descriptions/mv_friends_s04e18b/descriptions/refined_description.md,True,friends/full_runs/friends_full_scoring_start_14roi_gemini35_20260612/summaries/s04e18b/summary.json,False,False,ses-032_task-s04e18b,True,450,263,670.0,450,445,5,True
s04e19a,False,,False,False,friends/description/downloaded_refine_descriptions/mv_friends_s04e19a/descriptions/refined_description.md,True,friends/full_runs/friends_full_scoring_start_14roi_gemini35_20260612/summaries/s04e19a/summary.json,False,False,ses-032_task-s04e19a,True,437,250,651.0,437,432,5,True
s04e19b,False,,False,False,friends/description/downloaded_refine_descriptions/mv_friends_s04e19b/descriptions/refined_description.md,True,friends/full_runs/friends_full_scoring_start_14roi_gemini35_20260612/summaries/s04e19b/summary.json,False,False,ses-032_task-s04e19b,True,437,261,651.0,437,432,5,True
s04e20a,False,,False,False,friends/description/downloaded_refine_descriptions/mv_friends_s04e20a/descriptions/refined_description.md,True,friends/full_runs/friends_full_scoring_start_14roi_gemini35_20260612/summaries/s04e20a/summary.json,False,False,ses-033_task-s04e20a,True,447,254,666.0,447,442,5,True
s04e20b,False,,False,False,friends/description/downloaded_refine_descriptions/mv_friends_s04e20b/descriptions/refined_description.md,True,friends/full_runs/friends_full_scoring_start_14roi_gemini35_20260612/summaries/s04e20b/summary.json,False,False,ses-033_task-s04e20b,True,447,284,666.0,447,442,5,True
s04e21a,False,,False,False,friends/description/downloaded_refine_descriptions/mv_friends_s04e21a/descriptions/refined_description.md,True,friends/full_runs/friends_full_scoring_start_14roi_gemini35_20260612/summaries/s04e21a/summary.json,False,False,ses-034_task-s04e21a,True,448,237,667.0,448,443,5,True
s04e21b,False,,False,False,friends/description/downloaded_refine_descriptions/mv_friends_s04e21b/descriptions/refined_description.md,True,friends/full_runs/friends_full_scoring_start_14roi_gemini35_20260612/summaries/s04e21b/summary.json,False,False,ses-034_task-s04e21b,True,448,254,666.0,447,443,4,True
s04e22a,False,,False,False,friends/description/downloaded_refine_descriptions/mv_friends_s04e22a/descriptions/refined_description.md,True,friends/full_runs/friends_full_scoring_start_14roi_gemini35_20260612/summaries/s04e22a/summary.json,False,False,ses-034_task-s04e22a,True,459,266,683.0,459,454,5,True
s04e22b,False,,False,False,friends/description/downloaded_refine_descriptions/mv_friends_s04e22b/descriptions/refined_description.md,True,friends/full_runs/friends_full_scoring_start_14roi_gemini35_20260612/summaries/s04e22b/summary.json,False,False,ses-034_task-s04e22b,True,459,263,683.0,459,454,5,True
s04e23a,False,,False,False,friends/description/downloaded_refine_descriptions/mv_friends_s04e23a/descriptions/refined_description.md,True,friends/full_runs/friends_full_scoring_start_14roi_gemini35_20260612/summaries/s04e23a/summary.json,False,False,ses-035_task-s04e23a,True,505,277,750.0,504,500,4,True
s04e23b,False,,False,False,friends/description/downloaded_refine_descriptions/mv_friends_s04e23b/descriptions/refined_description.md,True,friends/full_runs/friends_full_scoring_start_14roi_gemini35_20260612/summaries/s04e23b/summary.json,False,False,ses-035_task-s04e23b,True,504,243,750.0,504,499,5,True
s05e01a,False,,False,False,friends/description/downloaded_refine_descriptions/mv_friends_s05e01a/descriptions/refined_description.md,True,friends/full_runs/friends_full_scoring_start_14roi_gemini35_20260612/summaries/s05e01a/summary.json,False,False,ses-036_task-s05e01a,True,439,242,653.0,439,434,5,True
s05e01b,False,,False,False,friends/description/downloaded_refine_descriptions/mv_friends_s05e01b/descriptions/refined_description.md,True,friends/full_runs/friends_full_scoring_start_14roi_gemini35_20260612/summaries/s05e01b/summary.json,False,False,ses-036_task-s05e01b,True,474,275,706.0,474,469,5,True
s05e02a,False,,False,False,friends/description/downloaded_refine_descriptions/mv_friends_s05e02a/descriptions/refined_description.md,True,friends/full_runs/friends_full_scoring_start_14roi_gemini35_20260612/summaries/s05e02a/summary.json,False,False,ses-036_task-s05e02a,True,495,288,737.0,495,490,5,True
s05e02b,False,,False,False,friends/description/downloaded_refine_descriptions/mv_friends_s05e02b/descriptions/refined_description.md,True,friends/full_runs/friends_full_scoring_start_14roi_gemini35_20260612/summaries/s05e02b/summary.json,False,False,ses-036_task-s05e02b,True,531,315,790.0,531,526,5,True
s05e03a,False,,False,False,friends/description/downloaded_refine_descriptions/mv_friends_s05e03a/descriptions/refined_description.md,True,friends/full_runs/friends_full_scoring_start_14roi_gemini35_20260612/summaries/s05e03a/summary.json,False,False,ses-037_task-s05e03a,True,444,265,661.0,444,439,5,True
s05e03b,False,,False,False,friends/description/downloaded_refine_descriptions/mv_friends_s05e03b/descriptions/refined_description.md,True,friends/full_runs/friends_full_scoring_start_14roi_gemini35_20260612/summaries/s05e03b/summary.json,False,False,ses-037_task-s05e03b,True,474,273,705.0,474,469,5,True
s05e04a,False,,False,False,friends/description/downloaded_refine_descriptions/mv_friends_s05e04a/descriptions/refined_description.md,True,friends/full_runs/friends_full_scoring_start_14roi_gemini35_20260612/summaries/s05e04a/summary.json,False,False,ses-037_task-s05e04a,True,488,256,727.0,488,483,5,True
s05e04b,False,,False,False,friends/description/downloaded_refine_descriptions/mv_friends_s05e04b/descriptions/refined_description.md,True,friends/full_runs/friends_full_scoring_start_14roi_gemini35_20260612/summaries/s05e04b/summary.json,False,False,ses-037_task-s05e04b,True,524,279,780.0,524,519,5,True
s05e05a,False,,False,False,friends/description/downloaded_refine_descriptions/mv_friends_s05e05a/descriptions/refined_description.md,True,friends/full_runs/friends_full_scoring_start_14roi_gemini35_20260612/summaries/s05e05a/summary.json,False,False,ses-041_task-s05e05a,True,486,282,724.0,486,481,5,True
s05e05b,False,,False,False,friends/description/downloaded_refine_descriptions/mv_friends_s05e05b/descriptions/refined_description.md,True,friends/full_runs/friends_full_scoring_start_14roi_gemini35_20260612/summaries/s05e05b/summary.json,False,False,ses-041_task-s05e05b,True,521,305,775.0,521,516,5,True
s05e06a,False,,False,False,friends/description/downloaded_refine_descriptions/mv_friends_s05e06a/descriptions/refined_description.md,True,friends/full_runs/friends_full_scoring_start_14roi_gemini35_20260612/summaries/s05e06a/summary.json,False,False,ses-041_task-s05e06a,True,459,244,683.0,459,454,5,True
s05e06b,False,,False,False,friends/description/downloaded_refine_descriptions/mv_friends_s05e06b/descriptions/refined_description.md,True,friends/full_runs/friends_full_scoring_start_14roi_gemini35_20260612/summaries/s05e06b/summary.json,False,False,ses-041_task-s05e06b,True,493,298,734.0,493,488,5,True
s05e07a,False,,False,False,friends/description/downloaded_refine_descriptions/mv_friends_s05e07a/descriptions/refined_description.md,True,friends/full_runs/friends_full_scoring_start_14roi_gemini35_20260612/summaries/s05e07a/summary.json,False,False,ses-042_task-s05e07a,True,459,265,683.0,459,454,5,True
s05e07b,False,,False,False,friends/description/downloaded_refine_descriptions/mv_friends_s05e07b/descriptions/refined_description.md,True,friends/full_runs/friends_full_scoring_start_14roi_gemini35_20260612/summaries/s05e07b/summary.json,False,False,ses-042_task-s05e07b,True,493,277,734.0,493,488,5,True
s05e08a,False,,False,False,friends/description/downloaded_refine_descriptions/mv_friends_s05e08a/descriptions/refined_description.md,True,friends/full_runs/friends_full_scoring_start_14roi_gemini35_20260612/summaries/s05e08a/summary.json,False,False,ses-043_task-s05e08a,True,446,257,664.0,446,441,5,True
s05e08b,False,,False,False,friends/description/downloaded_refine_descriptions/mv_friends_s05e08b/descriptions/refined_description.md,True,friends/full_runs/friends_full_scoring_start_14roi_gemini35_20260612/summaries/s05e08b/summary.json,False,False,ses-043_task-s05e08b,True,480,283,715.0,480,475,5,True
s05e09a,False,,False,False,friends/description/downloaded_refine_descriptions/mv_friends_s05e09a/descriptions/refined_description.md,True,friends/full_runs/friends_full_scoring_start_14roi_gemini35_20260612/summaries/s05e09a/summary.json,False,False,ses-044_task-s05e09a,True,456,240,678.0,456,451,5,True
s05e09b,False,,False,False,friends/description/downloaded_refine_descriptions/mv_friends_s05e09b/descriptions/refined_description.md,True,friends/full_runs/friends_full_scoring_start_14roi_gemini35_20260612/summaries/s05e09b/summary.json,False,False,ses-044_task-s05e09b,True,490,285,729.0,490,485,5,True
s05e10a,False,,False,False,friends/description/downloaded_refine_descriptions/mv_friends_s05e10a/descriptions/refined_description.md,True,friends/full_runs/friends_full_scoring_start_14roi_gemini35_20260612/summaries/s05e10a/summary.json,False,False,ses-044_task-s05e10a,True,450,277,670.0,450,445,5,True
s05e10b,False,,False,False,friends/description/downloaded_refine_descriptions/mv_friends_s05e10b/descriptions/refined_description.md,True,friends/full_runs/friends_full_scoring_start_14roi_gemini35_20260612/summaries/s05e10b/summary.json,False,False,ses-044_task-s05e10b,True,484,258,721.0,484,479,5,True
s05e11a,False,,False,False,friends/description/downloaded_refine_descriptions/mv_friends_s05e11a/descriptions/refined_description.md,True,friends/full_runs/friends_full_scoring_start_14roi_gemini35_20260612/summaries/s05e11a/summary.json,False,False,ses-045_task-s05e11a,True,476,275,709.0,476,471,5,True
s05e11b,False,,False,False,friends/description/downloaded_refine_descriptions/mv_friends_s05e11b/descriptions/refined_description.md,True,friends/full_runs/friends_full_scoring_start_14roi_gemini35_20260612/summaries/s05e11b/summary.json,False,False,ses-045_task-s05e11b,True,511,269,760.0,511,506,5,True
s05e12a,False,,False,False,friends/description/downloaded_refine_descriptions/mv_friends_s05e12a/descriptions/refined_description.md,True,friends/full_runs/friends_full_scoring_start_14roi_gemini35_20260612/summaries/s05e12a/summary.json,False,False,ses-045_task-s05e12a,True,445,260,663.0,445,440,5,True
s05e12b,False,,False,False,friends/description/downloaded_refine_descriptions/mv_friends_s05e12b/descriptions/refined_description.md,True,friends/full_runs/friends_full_scoring_start_14roi_gemini35_20260612/summaries/s05e12b/summary.json,False,False,ses-045_task-s05e12b,True,480,278,714.0,480,475,5,True
s05e13a,False,,False,False,friends/description/downloaded_refine_descriptions/mv_friends_s05e13a/descriptions/refined_description.md,True,friends/full_runs/friends_full_scoring_start_14roi_gemini35_20260612/summaries/s05e13a/summary.json,False,False,ses-046_task-s05e13a,True,460,262,684.0,460,455,5,True
s05e13b,False,,False,False,friends/description/downloaded_refine_descriptions/mv_friends_s05e13b/descriptions/refined_description.md,True,friends/full_runs/friends_full_scoring_start_14roi_gemini35_20260612/summaries/s05e13b/summary.json,False,False,ses-046_task-s05e13b,True,494,301,735.0,494,489,5,True
s05e14a,False,,False,False,friends/description/downloaded_refine_descriptions/mv_friends_s05e14a/descriptions/refined_description.md,True,friends/full_runs/friends_full_scoring_start_14roi_gemini35_20260612/summaries/s05e14a/summary.json,False,False,ses-046_task-s05e14a,True,486,263,723.0,486,481,5,True
s05e14b,False,,False,False,friends/description/downloaded_refine_descriptions/mv_friends_s05e14b/descriptions/refined_description.md,True,friends/full_runs/friends_full_scoring_start_14roi_gemini35_20260612/summaries/s05e14b/summary.json,False,False,ses-046_task-s05e14b,True,520,292,774.0,520,515,5,True
s05e15a,False,,False,False,friends/description/downloaded_refine_descriptions/mv_friends_s05e15a/descriptions/refined_description.md,True,friends/full_runs/friends_full_scoring_start_14roi_gemini35_20260612/summaries/s05e15a/summary.json,False,False,ses-047_task-s05e15a,True,443,228,659.0,443,438,5,True
s05e15b,False,,False,False,friends/description/downloaded_refine_descriptions/mv_friends_s05e15b/descriptions/refined_description.md,True,friends/full_runs/friends_full_scoring_start_14roi_gemini35_20260612/summaries/s05e15b/summary.json,False,False,ses-047_task-s05e15b,True,477,255,710.0,477,472,5,True
s05e16a,False,,False,False,friends/description/downloaded_refine_descriptions/mv_friends_s05e16a/descriptions/refined_description.md,True,friends/full_runs/friends_full_scoring_start_14roi_gemini35_20260612/summaries/s05e16a/summary.json,False,False,ses-047_task-s05e16a,True,485,269,722.0,485,480,5,True
s05e16b,False,,False,False,friends/description/downloaded_refine_descriptions/mv_friends_s05e16b/descriptions/refined_description.md,True,friends/full_runs/friends_full_scoring_start_14roi_gemini35_20260612/summaries/s05e16b/summary.json,False,False,ses-047_task-s05e16b,True,519,282,773.0,519,514,5,True
s05e17a,False,,False,False,friends/description/downloaded_refine_descriptions/mv_friends_s05e17a/descriptions/refined_description.md,True,friends/full_runs/friends_full_scoring_start_14roi_gemini35_20260612/summaries/s05e17a/summary.json,False,False,ses-048_task-s05e17a,True,452,227,601.0,404,447,-43,False
s05e17b,False,,False,False,friends/description/downloaded_refine_descriptions/mv_friends_s05e17b/descriptions/refined_description.md,True,friends/full_runs/friends_full_scoring_start_14roi_gemini35_20260612/summaries/s05e17b/summary.json,False,False,ses-048_task-s05e17b,True,486,262,724.0,486,481,5,True
s05e18a,False,,False,False,friends/description/downloaded_refine_descriptions/mv_friends_s05e18a/descriptions/refined_description.md,True,friends/full_runs/friends_full_scoring_start_14roi_gemini35_20260612/summaries/s05e18a/summary.json,False,False,ses-048_task-s05e18a,True,501,104,278.0,187,496,-309,False
s05e18b,False,,False,False,friends/description/downloaded_refine_descriptions/mv_friends_s05e18b/descriptions/refined_description.md,True,friends/full_runs/friends_full_scoring_start_14roi_gemini35_20260612/summaries/s05e18b/summary.json,False,False,ses-048_task-s05e18b,True,535,312,797.0,535,530,5,True
s05e19a,False,,False,False,friends/description/downloaded_refine_descriptions/mv_friends_s05e19a/descriptions/refined_description.md,True,friends/full_runs/friends_full_scoring_start_14roi_gemini35_20260612/summaries/s05e19a/summary.json,False,False,ses-049_task-s05e19a,True,446,266,664.0,446,441,5,True
s05e19b,False,,False,False,friends/description/downloaded_refine_descriptions/mv_friends_s05e19b/descriptions/refined_description.md,True,friends/full_runs/friends_full_scoring_start_14roi_gemini35_20260612/summaries/s05e19b/summary.json,False,False,ses-049_task-s05e19b,True,480,271,715.0,480,475,5,True
s05e20a,False,,False,False,friends/description/downloaded_refine_descriptions/mv_friends_s05e20a/descriptions/refined_description.md,True,friends/full_runs/friends_full_scoring_start_14roi_gemini35_20260612/summaries/s05e20a/summary.json,False,False,ses-049_task-s05e20a,True,456,193,523.0,352,451,-99,False
s05e20b,False,,False,False,friends/description/downloaded_refine_descriptions/mv_friends_s05e20b/descriptions/refined_description.md,True,friends/full_runs/friends_full_scoring_start_14roi_gemini35_20260612/summaries/s05e20b/summary.json,False,False,ses-049_task-s05e20b,True,490,294,729.0,490,485,5,True
s05e21a,False,,False,False,friends/description/downloaded_refine_descriptions/mv_friends_s05e21a/descriptions/refined_description.md,True,friends/full_runs/friends_full_scoring_start_14roi_gemini35_20260612/summaries/s05e21a/summary.json,False,False,ses-050_task-s05e21a,True,444,239,661.0,444,439,5,True
s05e21b,False,,False,False,friends/description/downloaded_refine_descriptions/mv_friends_s05e21b/descriptions/refined_description.md,True,friends/full_runs/friends_full_scoring_start_14roi_gemini35_20260612/summaries/s05e21b/summary.json,False,False,ses-050_task-s05e21b,True,478,266,712.0,478,473,5,True
s05e22a,False,,False,False,friends/description/downloaded_refine_descriptions/mv_friends_s05e22a/descriptions/refined_description.md,True,friends/full_runs/friends_full_scoring_start_14roi_gemini35_20260612/summaries/s05e22a/summary.json,False,False,ses-050_task-s05e22a,True,450,248,670.0,450,445,5,True
s05e22b,False,,False,False,friends/description/downloaded_refine_descriptions/mv_friends_s05e22b/descriptions/refined_description.md,True,friends/full_runs/friends_full_scoring_start_14roi_gemini35_20260612/summaries/s05e22b/summary.json,False,False,ses-050_task-s05e22b,True,484,260,721.0,484,479,5,True
s05e23a,False,,False,False,friends/description/downloaded_refine_descriptions/mv_friends_s05e23a/descriptions/refined_description.md,True,friends/full_runs/friends_full_scoring_start_14roi_gemini35_20260612/summaries/s05e23a/summary.json,False,False,ses-051_task-s05e23a,True,454,246,676.0,454,449,5,True
s05e23b,False,,False,False,friends/description/downloaded_refine_descriptions/mv_friends_s05e23b/descriptions/refined_description.md,True,friends/full_runs/friends_full_scoring_start_14roi_gemini35_20260612/summaries/s05e23b/summary.json,False,False,ses-051_task-s05e23b,True,458,248,682.0,458,453,5,True
s06e01a,False,,True,True,friends/description/downloaded_refine_descriptions/mv_friends_s06e01a/descriptions/refined_description.md,True,friends/full_runs/friends_full_scoring_start_14roi_gemini35_20260612/summaries/s06e01a/summary.json,True,True,ses-052_task-s06e01a,True,465,273,692.0,465,460,5,True
s06e01b,False,,True,True,friends/description/downloaded_refine_descriptions/mv_friends_s06e01b/descriptions/refined_description.md,True,friends/full_runs/friends_full_scoring_start_14roi_gemini35_20260612/summaries/s06e01b/summary.json,True,True,ses-052_task-s06e01b,True,499,269,743.0,499,494,5,True
s06e02a,False,,False,False,friends/description/downloaded_refine_descriptions/mv_friends_s06e02a/descriptions/refined_description.md,True,friends/full_runs/friends_full_scoring_start_14roi_gemini35_20260612/summaries/s06e02a/summary.json,False,False,ses-053_task-s06e02a,True,453,248,674.0,453,448,5,True
s06e02b,False,,False,False,friends/description/downloaded_refine_descriptions/mv_friends_s06e02b/descriptions/refined_description.md,True,friends/full_runs/friends_full_scoring_start_14roi_gemini35_20260612/summaries/s06e02b/summary.json,False,False,ses-053_task-s06e02b,True,487,257,658.0,442,482,-40,False
s06e03a,False,,True,True,friends/description/downloaded_refine_descriptions/mv_friends_s06e03a/descriptions/refined_description.md,True,friends/full_runs/friends_full_scoring_start_14roi_gemini35_20260612/summaries/s06e03a/summary.json,True,True,ses-053_task-s06e03a,True,439,235,653.0,439,434,5,True
s06e03b,False,,True,True,friends/description/downloaded_refine_descriptions/mv_friends_s06e03b/descriptions/refined_description.md,True,friends/full_runs/friends_full_scoring_start_14roi_gemini35_20260612/summaries/s06e03b/summary.json,True,True,ses-053_task-s06e03b,True,473,265,704.0,473,468,5,True
s06e04a,False,,False,False,friends/description/downloaded_refine_descriptions/mv_friends_s06e04a/descriptions/refined_description.md,True,friends/full_runs/friends_full_scoring_start_14roi_gemini35_20260612/summaries/s06e04a/summary.json,False,False,ses-053_task-s06e04a,True,439,239,654.0,439,434,5,True
s06e04b,False,,False,False,friends/description/downloaded_refine_descriptions/mv_friends_s06e04b/descriptions/refined_description.md,True,friends/full_runs/friends_full_scoring_start_14roi_gemini35_20260612/summaries/s06e04b/summary.json,False,False,ses-054_task-s06e04b,True,474,116,305.0,205,469,-264,False
s06e05a,False,,False,False,friends/description/downloaded_refine_descriptions/mv_friends_s06e05a/descriptions/refined_description.md,True,friends/full_runs/friends_full_scoring_start_14roi_gemini35_20260612/summaries/s06e05a/summary.json,False,False,ses-054_task-s06e05a,True,452,236,672.0,452,447,5,True
s06e05b,False,,False,False,friends/description/downloaded_refine_descriptions/mv_friends_s06e05b/descriptions/refined_description.md,True,friends/full_runs/friends_full_scoring_start_14roi_gemini35_20260612/summaries/s06e05b/summary.json,False,False,ses-054_task-s06e05b,True,486,250,723.0,486,481,5,True
s06e06a,False,,False,False,friends/description/downloaded_refine_descriptions/mv_friends_s06e06a/descriptions/refined_description.md,True,friends/full_runs/friends_full_scoring_start_14roi_gemini35_20260612/summaries/s06e06a/summary.json,False,False,ses-055_task-s06e06a,True,443,247,660.0,443,438,5,True
s06e06b,False,,False,False,friends/description/downloaded_refine_descriptions/mv_friends_s06e06b/descriptions/refined_description.md,True,friends/full_runs/friends_full_scoring_start_14roi_gemini35_20260612/summaries/s06e06b/summary.json,False,False,ses-055_task-s06e06b,True,478,273,711.0,478,473,5,True
s06e07a,False,,False,False,friends/description/downloaded_refine_descriptions/mv_friends_s06e07a/descriptions/refined_description.md,True,friends/full_runs/friends_full_scoring_start_14roi_gemini35_20260612/summaries/s06e07a/summary.json,False,False,ses-055_task-s06e07a,True,445,251,662.0,445,440,5,True
s06e07b,False,,False,False,friends/description/downloaded_refine_descriptions/mv_friends_s06e07b/descriptions/refined_description.md,True,friends/full_runs/friends_full_scoring_start_14roi_gemini35_20260612/summaries/s06e07b/summary.json,False,False,,False,,261,707.0,475,,,False
s06e08a,False,,False,False,friends/description/downloaded_refine_descriptions/mv_friends_s06e08a/descriptions/refined_description.md,True,friends/full_runs/friends_full_scoring_start_14roi_gemini35_20260612/summaries/s06e08a/summary.json,False,False,ses-056_task-s06e08a,True,438,236,652.0,438,433,5,True
s06e08b,False,,False,False,friends/description/downloaded_refine_descriptions/mv_friends_s06e08b/descriptions/refined_description.md,True,friends/full_runs/friends_full_scoring_start_14roi_gemini35_20260612/summaries/s06e08b/summary.json,False,False,ses-056_task-s06e08b,True,472,258,703.0,472,467,5,True
s06e09a,False,,False,False,friends/description/downloaded_refine_descriptions/mv_friends_s06e09a/descriptions/refined_description.md,True,friends/full_runs/friends_full_scoring_start_14roi_gemini35_20260612/summaries/s06e09a/summary.json,False,False,ses-056_task-s06e09a,True,504,253,750.0,504,499,5,True
s06e09b,False,,False,False,friends/description/downloaded_refine_descriptions/mv_friends_s06e09b/descriptions/refined_description.md,True,friends/full_runs/friends_full_scoring_start_14roi_gemini35_20260612/summaries/s06e09b/summary.json,False,False,ses-056_task-s06e09b,True,537,296,800.0,537,532,5,True
s06e10a,False,,False,False,friends/description/downloaded_refine_descriptions/mv_friends_s06e10a/descriptions/refined_description.md,True,friends/full_runs/friends_full_scoring_start_14roi_gemini35_20260612/summaries/s06e10a/summary.json,False,False,ses-056_task-s06e10a,True,466,249,693.0,466,461,5,True
s06e10b,False,,False,False,friends/description/downloaded_refine_descriptions/mv_friends_s06e10b/descriptions/refined_description.md,True,friends/full_runs/friends_full_scoring_start_14roi_gemini35_20260612/summaries/s06e10b/summary.json,False,False,ses-057_task-s06e10b,True,500,283,744.0,500,495,5,True
s06e11a,False,,False,False,friends/description/downloaded_refine_descriptions/mv_friends_s06e11a/descriptions/refined_description.md,True,friends/full_runs/friends_full_scoring_start_14roi_gemini35_20260612/summaries/s06e11a/summary.json,False,False,ses-057_task-s06e11a,True,450,240,670.0,450,445,5,True
s06e11b,False,,False,False,friends/description/downloaded_refine_descriptions/mv_friends_s06e11b/descriptions/refined_description.md,True,friends/full_runs/friends_full_scoring_start_14roi_gemini35_20260612/summaries/s06e11b/summary.json,False,False,ses-057_task-s06e11b,True,484,246,680.0,457,479,-22,False
s06e12a,False,,False,False,friends/description/downloaded_refine_descriptions/mv_friends_s06e12a/descriptions/refined_description.md,True,friends/full_runs/friends_full_scoring_start_14roi_gemini35_20260612/summaries/s06e12a/summary.json,False,False,ses-057_task-s06e12a,True,435,237,648.0,435,430,5,True
s06e12b,False,,False,False,friends/description/downloaded_refine_descriptions/mv_friends_s06e12b/descriptions/refined_description.md,True,friends/full_runs/friends_full_scoring_start_14roi_gemini35_20260612/summaries/s06e12b/summary.json,False,False,ses-057_task-s06e12b,True,470,247,699.0,470,465,5,True
s06e13a,False,,False,False,friends/description/downloaded_refine_descriptions/mv_friends_s06e13a/descriptions/refined_description.md,True,friends/full_runs/friends_full_scoring_start_14roi_gemini35_20260612/summaries/s06e13a/summary.json,False,False,ses-058_task-s06e13a,True,470,267,699.0,470,465,5,True
s06e13b,False,,False,False,friends/description/downloaded_refine_descriptions/mv_friends_s06e13b/descriptions/refined_description.md,True,friends/full_runs/friends_full_scoring_start_14roi_gemini35_20260612/summaries/s06e13b/summary.json,False,False,ses-058_task-s06e13b,True,504,302,750.0,504,499,5,True
s06e14a,False,,False,False,friends/description/downloaded_refine_descriptions/mv_friends_s06e14a/descriptions/refined_description.md,True,friends/full_runs/friends_full_scoring_start_14roi_gemini35_20260612/summaries/s06e14a/summary.json,False,False,ses-058_task-s06e14a,True,461,257,686.0,461,456,5,True
s06e14b,False,,False,False,friends/description/downloaded_refine_descriptions/mv_friends_s06e14b/descriptions/refined_description.md,True,friends/full_runs/friends_full_scoring_start_14roi_gemini35_20260612/summaries/s06e14b/summary.json,False,False,ses-058_task-s06e14b,True,495,283,737.0,495,490,5,True
s06e15a,False,,False,False,friends/description/downloaded_refine_descriptions/mv_friends_s06e15a/descriptions/refined_description.md,True,friends/full_runs/friends_full_scoring_start_14roi_gemini35_20260612/summaries/s06e15a/summary.json,False,False,ses-059_task-s06e15a,True,456,247,679.0,456,451,5,True
s06e15b,False,,False,False,friends/description/downloaded_refine_descriptions/mv_friends_s06e15b/descriptions/refined_description.md,True,friends/full_runs/friends_full_scoring_start_14roi_gemini35_20260612/summaries/s06e15b/summary.json,False,False,ses-060_task-s06e15b,True,460,250,685.0,460,455,5,True
s06e17a,False,,False,False,friends/description/downloaded_refine_descriptions/mv_friends_s06e17a/descriptions/refined_description.md,True,friends/full_runs/friends_full_scoring_start_14roi_gemini35_20260612/summaries/s06e17a/summary.json,False,False,ses-061_task-s06e17a,True,428,226,637.0,428,423,5,True
s06e17b,False,,False,False,friends/description/downloaded_refine_descriptions/mv_friends_s06e17b/descriptions/refined_description.md,True,friends/full_runs/friends_full_scoring_start_14roi_gemini35_20260612/summaries/s06e17b/summary.json,False,False,ses-061_task-s06e17b,True,462,238,688.0,462,457,5,True
s06e18a,False,,False,False,friends/description/downloaded_refine_descriptions/mv_friends_s06e18a/descriptions/refined_description.md,True,friends/full_runs/friends_full_scoring_start_14roi_gemini35_20260612/summaries/s06e18a/summary.json,False,False,ses-062_task-s06e18a,True,435,218,569.0,382,430,-48,False
s06e18b,False,,False,False,friends/description/downloaded_refine_descriptions/mv_friends_s06e18b/descriptions/refined_description.md,True,friends/full_runs/friends_full_scoring_start_14roi_gemini35_20260612/summaries/s06e18b/summary.json,False,False,ses-062_task-s06e18b,True,470,261,699.0,470,465,5,True
s06e19a,False,,False,False,friends/description/downloaded_refine_descriptions/mv_friends_s06e19a/descriptions/refined_description.md,True,friends/full_runs/friends_full_scoring_start_14roi_gemini35_20260612/summaries/s06e19a/summary.json,False,False,ses-062_task-s06e19a,True,434,246,646.0,434,429,5,True
s06e19b,False,,False,False,friends/description/downloaded_refine_descriptions/mv_friends_s06e19b/descriptions/refined_description.md,True,friends/full_runs/friends_full_scoring_start_14roi_gemini35_20260612/summaries/s06e19b/summary.json,False,False,ses-062_task-s06e19b,True,468,254,697.0,468,463,5,True
s06e20a,False,,False,False,friends/description/downloaded_refine_descriptions/mv_friends_s06e20a/descriptions/refined_description.md,True,friends/full_runs/friends_full_scoring_start_14roi_gemini35_20260612/summaries/s06e20a/summary.json,False,False,ses-063_task-s06e20a,True,431,208,551.0,370,426,-56,False
s06e20b,False,,False,False,friends/description/downloaded_refine_descriptions/mv_friends_s06e20b/descriptions/refined_description.md,True,friends/full_runs/friends_full_scoring_start_14roi_gemini35_20260612/summaries/s06e20b/summary.json,False,False,ses-063_task-s06e20b,True,465,248,692.0,465,460,5,True
s06e21a,False,,False,False,friends/description/downloaded_refine_descriptions/mv_friends_s06e21a/descriptions/refined_description.md,True,friends/full_runs/friends_full_scoring_start_14roi_gemini35_20260612/summaries/s06e21a/summary.json,False,False,ses-063_task-s06e21a,True,460,261,685.0,460,455,5,True
s06e21b,False,,False,False,friends/description/downloaded_refine_descriptions/mv_friends_s06e21b/descriptions/refined_description.md,True,friends/full_runs/friends_full_scoring_start_14roi_gemini35_20260612/summaries/s06e21b/summary.json,False,False,ses-064_task-s06e21b,True,494,208,582.0,391,489,-98,False
s06e22a,False,,False,False,friends/description/downloaded_refine_descriptions/mv_friends_s06e22a/descriptions/refined_description.md,True,friends/full_runs/friends_full_scoring_start_14roi_gemini35_20260612/summaries/s06e22a/summary.json,False,False,ses-064_task-s06e22a,True,452,231,672.0,452,447,5,True
s06e22b,False,,False,False,friends/description/downloaded_refine_descriptions/mv_friends_s06e22b/descriptions/refined_description.md,True,friends/full_runs/friends_full_scoring_start_14roi_gemini35_20260612/summaries/s06e22b/summary.json,False,False,ses-064_task-s06e22b,True,486,261,723.0,486,481,5,True
s06e23a,False,,False,False,friends/description/downloaded_refine_descriptions/mv_friends_s06e23a/descriptions/refined_description.md,True,friends/full_runs/friends_full_scoring_start_14roi_gemini35_20260612/summaries/s06e23a/summary.json,False,False,ses-065_task-s06e23a,True,486,285,724.0,486,481,5,True
s06e23b,False,,False,False,friends/description/downloaded_refine_descriptions/mv_friends_s06e23b/descriptions/refined_description.md,True,friends/full_runs/friends_full_scoring_start_14roi_gemini35_20260612/summaries/s06e23b/summary.json,False,False,ses-065_task-s06e23b,True,520,310,774.0,520,515,5,True
s06e24a,False,,False,False,friends/description/downloaded_refine_descriptions/mv_friends_s06e24a/descriptions/refined_description.md,True,friends/full_runs/friends_full_scoring_start_14roi_gemini35_20260612/summaries/s06e24a/summary.json,False,False,ses-065_task-s06e24a,True,457,242,680.0,457,452,5,True
s06e24b,False,,False,False,friends/description/downloaded_refine_descriptions/mv_friends_s06e24b/descriptions/refined_description.md,True,friends/full_runs/friends_full_scoring_start_14roi_gemini35_20260612/summaries/s06e24b/summary.json,False,False,ses-066_task-s06e24b,True,461,240,686.0,461,456,5,True
s07e01a,False,,False,False,friends/description/downloaded_refine_descriptions/mv_friends_s07e01a/descriptions/refined_description.md,True,friends/full_runs/friends_full_scoring_start_14roi_gemini35_20260612/summaries/s07e01a/summary.json,False,False,,False,,285,684.0,460,,,False
s07e01b,False,,False,False,friends/description/downloaded_refine_descriptions/mv_friends_s07e01b/descriptions/refined_description.md,True,friends/full_runs/friends_full_scoring_start_14roi_gemini35_20260612/summaries/s07e01b/summary.json,False,False,,False,,276,735.0,494,,,False
s07e02a,False,,False,False,friends/description/downloaded_refine_descriptions/mv_friends_s07e02a/descriptions/refined_description.md,True,friends/full_runs/friends_full_scoring_start_14roi_gemini35_20260612/summaries/s07e02a/summary.json,False,False,,False,,264,732.0,492,,,False
s07e02b,False,,False,False,friends/description/downloaded_refine_descriptions/mv_friends_s07e02b/descriptions/refined_description.md,True,friends/full_runs/friends_full_scoring_start_14roi_gemini35_20260612/summaries/s07e02b/summary.json,False,False,,False,,289,783.0,526,,,False
s07e03a,False,,False,False,friends/description/downloaded_refine_descriptions/mv_friends_s07e03a/descriptions/refined_description.md,True,friends/full_runs/friends_full_scoring_start_14roi_gemini35_20260612/summaries/s07e03a/summary.json,False,False,,False,,185,470.0,316,,,False
s07e03b,False,,False,False,friends/description/downloaded_refine_descriptions/mv_friends_s07e03b/descriptions/refined_description.md,True,friends/full_runs/friends_full_scoring_start_14roi_gemini35_20260612/summaries/s07e03b/summary.json,False,False,,False,,219,672.0,452,,,False
s07e04a,False,,False,False,friends/description/downloaded_refine_descriptions/mv_friends_s07e04a/descriptions/refined_description.md,True,friends/full_runs/friends_full_scoring_start_14roi_gemini35_20260612/summaries/s07e04a/summary.json,False,False,,False,,237,666.0,447,,,False
s07e04b,False,,False,False,friends/description/downloaded_refine_descriptions/mv_friends_s07e04b/descriptions/refined_description.md,True,friends/full_runs/friends_full_scoring_start_14roi_gemini35_20260612/summaries/s07e04b/summary.json,False,False,,False,,288,717.0,482,,,False
s07e05a,False,,False,False,friends/description/downloaded_refine_descriptions/mv_friends_s07e05a/descriptions/refined_description.md,True,friends/full_runs/friends_full_scoring_start_14roi_gemini35_20260612/summaries/s07e05a/summary.json,False,False,,False,,246,675.0,454,,,False
s07e05b,False,,False,False,friends/description/downloaded_refine_descriptions/mv_friends_s07e05b/descriptions/refined_description.md,True,friends/full_runs/friends_full_scoring_start_14roi_gemini35_20260612/summaries/s07e05b/summary.json,False,False,,False,,276,726.0,488,,,False
s07e06a,False,,False,False,friends/description/downloaded_refine_descriptions/mv_friends_s07e06a/descriptions/refined_description.md,True,friends/full_runs/friends_full_scoring_start_14roi_gemini35_20260612/summaries/s07e06a/summary.json,False,False,,False,,266,712.0,478,,,False
s07e06b,False,,False,False,friends/description/downloaded_refine_descriptions/mv_friends_s07e06b/descriptions/refined_description.md,True,friends/full_runs/friends_full_scoring_start_14roi_gemini35_20260612/summaries/s07e06b/summary.json,False,False,,False,,294,763.0,513,,,False
s07e07a,False,,False,False,friends/description/downloaded_refine_descriptions/mv_friends_s07e07a/descriptions/refined_description.md,True,friends/full_runs/friends_full_scoring_start_14roi_gemini35_20260612/summaries/s07e07a/summary.json,False,False,,False,,249,704.0,473,,,False
s07e07b,False,,False,False,friends/description/downloaded_refine_descriptions/mv_friends_s07e07b/descriptions/refined_description.md,True,friends/full_runs/friends_full_scoring_start_14roi_gemini35_20260612/summaries/s07e07b/summary.json,False,False,,False,,272,754.0,507,,,False
s07e08a,False,,False,False,friends/description/downloaded_refine_descriptions/mv_friends_s07e08a/descriptions/refined_description.md,True,friends/full_runs/friends_full_scoring_start_14roi_gemini35_20260612/summaries/s07e08a/summary.json,False,False,,False,,232,706.0,474,,,False
s07e08b,False,,False,False,friends/description/downloaded_refine_descriptions/mv_friends_s07e08b/descriptions/refined_description.md,True,friends/full_runs/friends_full_scoring_start_14roi_gemini35_20260612/summaries/s07e08b/summary.json,False,False,,False,,288,757.0,509,,,False
s07e09a,False,,False,False,friends/description/downloaded_refine_descriptions/mv_friends_s07e09a/descriptions/refined_description.md,True,friends/full_runs/friends_full_scoring_start_14roi_gemini35_20260612/summaries/s07e09a/summary.json,False,False,,False,,262,670.0,450,,,False
s07e09b,False,,False,False,friends/description/downloaded_refine_descriptions/mv_friends_s07e09b/descriptions/refined_description.md,True,friends/full_runs/friends_full_scoring_start_14roi_gemini35_20260612/summaries/s07e09b/summary.json,False,False,,False,,241,619.0,416,,,False
s07e10a,False,,False,False,friends/description/downloaded_refine_descriptions/mv_friends_s07e10a/descriptions/refined_description.md,True,friends/full_runs/friends_full_scoring_start_14roi_gemini35_20260612/summaries/s07e10a/summary.json,False,False,,False,,267,683.0,459,,,False
s07e10b,False,,False,False,friends/description/downloaded_refine_descriptions/mv_friends_s07e10b/descriptions/refined_description.md,True,friends/full_runs/friends_full_scoring_start_14roi_gemini35_20260612/summaries/s07e10b/summary.json,False,False,,False,,255,734.0,493,,,False
s07e11a,False,,False,False,friends/description/downloaded_refine_descriptions/mv_friends_s07e11a/descriptions/refined_description.md,True,friends/full_runs/friends_full_scoring_start_14roi_gemini35_20260612/summaries/s07e11a/summary.json,False,False,,False,,250,691.0,464,,,False
s07e11b,False,,False,False,friends/description/downloaded_refine_descriptions/mv_friends_s07e11b/descriptions/refined_description.md,True,friends/full_runs/friends_full_scoring_start_14roi_gemini35_20260612/summaries/s07e11b/summary.json,False,False,,False,,253,742.0,498,,,False
s07e12a,False,,False,False,friends/description/downloaded_refine_descriptions/mv_friends_s07e12a/descriptions/refined_description.md,True,friends/full_runs/friends_full_scoring_start_14roi_gemini35_20260612/summaries/s07e12a/summary.json,False,False,,False,,237,673.0,452,,,False
s07e12b,False,,False,False,friends/description/downloaded_refine_descriptions/mv_friends_s07e12b/descriptions/refined_description.md,True,friends/full_runs/friends_full_scoring_start_14roi_gemini35_20260612/summaries/s07e12b/summary.json,False,False,,False,,268,724.0,486,,,False
s07e13a,False,,False,False,friends/description/downloaded_refine_descriptions/mv_friends_s07e13a/descriptions/refined_description.md,True,friends/full_runs/friends_full_scoring_start_14roi_gemini35_20260612/summaries/s07e13a/summary.json,False,False,,False,,319,803.0,539,,,False
s07e13b,False,,False,False,friends/description/downloaded_refine_descriptions/mv_friends_s07e13b/descriptions/refined_description.md,True,friends/full_runs/friends_full_scoring_start_14roi_gemini35_20260612/summaries/s07e13b/summary.json,False,False,,False,,312,854.0,574,,,False
s07e14a,False,,False,False,friends/description/downloaded_refine_descriptions/mv_friends_s07e14a/descriptions/refined_description.md,True,friends/full_runs/friends_full_scoring_start_14roi_gemini35_20260612/summaries/s07e14a/summary.json,False,False,,False,,180,485.0,326,,,False
s07e14b,False,,False,False,friends/description/downloaded_refine_descriptions/mv_friends_s07e14b/descriptions/refined_description.md,True,friends/full_runs/friends_full_scoring_start_14roi_gemini35_20260612/summaries/s07e14b/summary.json,False,False,,False,,275,745.0,501,,,False
s07e15a,False,,False,False,friends/description/downloaded_refine_descriptions/mv_friends_s07e15a/descriptions/refined_description.md,True,friends/full_runs/friends_full_scoring_start_14roi_gemini35_20260612/summaries/s07e15a/summary.json,False,False,,False,,309,843.0,566,,,False
s07e15b,False,,False,False,friends/description/downloaded_refine_descriptions/mv_friends_s07e15b/descriptions/refined_description.md,True,friends/full_runs/friends_full_scoring_start_14roi_gemini35_20260612/summaries/s07e15b/summary.json,False,False,,False,,328,894.0,601,,,False
s07e16a,False,,False,False,friends/description/downloaded_refine_descriptions/mv_friends_s07e16a/descriptions/refined_description.md,True,friends/full_runs/friends_full_scoring_start_14roi_gemini35_20260612/summaries/s07e16a/summary.json,False,False,,False,,205,592.0,398,,,False
s07e16b,False,,False,False,friends/description/downloaded_refine_descriptions/mv_friends_s07e16b/descriptions/refined_description.md,True,friends/full_runs/friends_full_scoring_start_14roi_gemini35_20260612/summaries/s07e16b/summary.json,False,False,,False,,229,598.0,402,,,False
s07e17a,False,,False,False,friends/description/downloaded_refine_descriptions/mv_friends_s07e17a/descriptions/refined_description.md,True,friends/full_runs/friends_full_scoring_start_14roi_gemini35_20260612/summaries/s07e17a/summary.json,False,False,,False,,227,645.0,433,,,False
s07e17b,False,,False,False,friends/description/downloaded_refine_descriptions/mv_friends_s07e17b/descriptions/refined_description.md,True,friends/full_runs/friends_full_scoring_start_14roi_gemini35_20260612/summaries/s07e17b/summary.json,False,False,,False,,262,695.0,467,,,False
s07e18a,False,,False,False,friends/description/downloaded_refine_descriptions/mv_friends_s07e18a/descriptions/refined_description.md,True,friends/full_runs/friends_full_scoring_start_14roi_gemini35_20260612/summaries/s07e18a/summary.json,False,False,,False,,250,710.0,477,,,False
s07e18b,False,,False,False,friends/description/downloaded_refine_descriptions/mv_friends_s07e18b/descriptions/refined_description.md,True,friends/full_runs/friends_full_scoring_start_14roi_gemini35_20260612/summaries/s07e18b/summary.json,False,False,,False,,257,761.0,511,,,False
s07e19a,False,,False,False,friends/description/downloaded_refine_descriptions/mv_friends_s07e19a/descriptions/refined_description.md,True,friends/full_runs/friends_full_scoring_start_14roi_gemini35_20260612/summaries/s07e19a/summary.json,False,False,,False,,236,650.0,437,,,False
s07e19b,False,,False,False,friends/description/downloaded_refine_descriptions/mv_friends_s07e19b/descriptions/refined_description.md,True,friends/full_runs/friends_full_scoring_start_14roi_gemini35_20260612/summaries/s07e19b/summary.json,False,False,,False,,257,701.0,471,,,False
s07e20a,False,,False,False,friends/description/downloaded_refine_descriptions/mv_friends_s07e20a/descriptions/refined_description.md,True,friends/full_runs/friends_full_scoring_start_14roi_gemini35_20260612/summaries/s07e20a/summary.json,False,False,,False,,188,500.0,336,,,False
s07e20b,False,,False,False,friends/description/downloaded_refine_descriptions/mv_friends_s07e20b/descriptions/refined_description.md,True,friends/full_runs/friends_full_scoring_start_14roi_gemini35_20260612/summaries/s07e20b/summary.json,False,False,,False,,272,727.0,488,,,False
s07e21a,False,,False,False,friends/description/downloaded_refine_descriptions/mv_friends_s07e21a/descriptions/refined_description.md,True,friends/full_runs/friends_full_scoring_start_14roi_gemini35_20260612/summaries/s07e21a/summary.json,False,False,,False,,236,639.0,429,,,False
s07e21b,False,,False,False,friends/description/downloaded_refine_descriptions/mv_friends_s07e21b/descriptions/refined_description.md,True,friends/full_runs/friends_full_scoring_start_14roi_gemini35_20260612/summaries/s07e21b/summary.json,False,False,,False,,262,690.0,464,,,False
s07e22a,False,,False,False,friends/description/downloaded_refine_descriptions/mv_friends_s07e22a/descriptions/refined_description.md,True,friends/full_runs/friends_full_scoring_start_14roi_gemini35_20260612/summaries/s07e22a/summary.json,False,False,,False,,255,701.0,471,,,False
s07e22b,False,,False,False,friends/description/downloaded_refine_descriptions/mv_friends_s07e22b/descriptions/refined_description.md,True,friends/full_runs/friends_full_scoring_start_14roi_gemini35_20260612/summaries/s07e22b/summary.json,False,False,,False,,276,752.0,505,,,False
s07e23a,False,,False,False,friends/description/downloaded_refine_descriptions/mv_friends_s07e23a/descriptions/refined_description.md,True,friends/full_runs/friends_full_scoring_start_14roi_gemini35_20260612/summaries/s07e23a/summary.json,False,False,,False,,274,715.0,480,,,False
s07e23b,False,,False,False,friends/description/downloaded_refine_descriptions/mv_friends_s07e23b/descriptions/refined_description.md,True,friends/full_runs/friends_full_scoring_start_14roi_gemini35_20260612/summaries/s07e23b/summary.json,False,False,,False,,282,721.0,484,,,False
